-- MySQL dump 10.13  Distrib 5.7.38, for Win64 (x86_64)
--
-- Host: stg-yswa-kr-practice-db-master.mariadb.database.azure.com    Database: s09p12a409
-- ------------------------------------------------------
-- Server version	5.6.47.0

/*!40101 SET @OLD_CHARACTER_SET_CLIENT=@@CHARACTER_SET_CLIENT */;
/*!40101 SET @OLD_CHARACTER_SET_RESULTS=@@CHARACTER_SET_RESULTS */;
/*!40101 SET @OLD_COLLATION_CONNECTION=@@COLLATION_CONNECTION */;
/*!40101 SET NAMES utf8 */;
/*!40103 SET @OLD_TIME_ZONE=@@TIME_ZONE */;
/*!40103 SET TIME_ZONE='+00:00' */;
/*!40014 SET @OLD_UNIQUE_CHECKS=@@UNIQUE_CHECKS, UNIQUE_CHECKS=0 */;
/*!40014 SET @OLD_FOREIGN_KEY_CHECKS=@@FOREIGN_KEY_CHECKS, FOREIGN_KEY_CHECKS=0 */;
/*!40101 SET @OLD_SQL_MODE=@@SQL_MODE, SQL_MODE='NO_AUTO_VALUE_ON_ZERO' */;
/*!40111 SET @OLD_SQL_NOTES=@@SQL_NOTES, SQL_NOTES=0 */;

--
-- Table structure for table `alert_queue`
--

DROP TABLE IF EXISTS `alert_queue`;
/*!40101 SET @saved_cs_client     = @@character_set_client */;
/*!40101 SET character_set_client = utf8 */;
CREATE TABLE `alert_queue` (
  `id` bigint(20) NOT NULL,
  `created_at` datetime NOT NULL DEFAULT current_timestamp(),
  `is_valid` tinyint(4) NOT NULL DEFAULT 1,
  `producer_id` bigint(20) NOT NULL,
  `consumer_id` bigint(20) NOT NULL,
  `message` varchar(1024) DEFAULT NULL,
  `type` int(11) DEFAULT NULL,
  PRIMARY KEY (`id`)
) ENGINE=InnoDB DEFAULT CHARSET=utf8;
/*!40101 SET character_set_client = @saved_cs_client */;

--
-- Dumping data for table `alert_queue`
--

LOCK TABLES `alert_queue` WRITE;
/*!40000 ALTER TABLE `alert_queue` DISABLE KEYS */;
INSERT INTO `alert_queue` VALUES (1,'2023-08-02 12:00:00',1,2,1,'스터디 신청 메세지 1',1),(2,'2023-08-03 15:30:00',1,3,1,'스터디 신청 메세지 2',1),(3,'2023-08-04 09:45:00',1,4,1,'스터디 수락 알림 1',2),(4,'2023-08-05 17:20:00',1,5,1,'스터디 수락 알림 2',2),(5,'2023-08-06 12:00:00',1,10,1,'스터디 신청 메세지 1',1),(6,'2023-08-07 15:30:00',1,11,1,'스터디 신청 메세지 2',1),(7,'2023-08-08 09:45:00',1,4,2,'스터디 수락 알림 1',2),(8,'2023-08-09 17:20:00',1,5,2,'스터디 수락 알림 2',2),(9,'2023-08-10 03:45:34',1,23,180,'스터디를 신청하였습니다',1),(10,'2023-08-10 03:45:34',1,76,175,'스터디 신청이 수락되었습니다',2),(11,'2023-08-10 03:45:34',1,76,175,'공지사항이 있습니다',3);
/*!40000 ALTER TABLE `alert_queue` ENABLE KEYS */;
UNLOCK TABLES;

--
-- Table structure for table `badge`
--

DROP TABLE IF EXISTS `badge`;
/*!40101 SET @saved_cs_client     = @@character_set_client */;
/*!40101 SET character_set_client = utf8 */;
CREATE TABLE `badge` (
  `id` bigint(20) NOT NULL AUTO_INCREMENT,
  `created_at` datetime NOT NULL DEFAULT current_timestamp(),
  `is_valid` tinyint(4) NOT NULL DEFAULT 1,
  `img_url` varchar(128) DEFAULT NULL,
  `name` varchar(45) DEFAULT NULL,
  `description` varchar(1024) DEFAULT NULL,
  PRIMARY KEY (`id`)
) ENGINE=InnoDB AUTO_INCREMENT=24 DEFAULT CHARSET=utf8;
/*!40101 SET character_set_client = @saved_cs_client */;

--
-- Dumping data for table `badge`
--

LOCK TABLES `badge` WRITE;
/*!40000 ALTER TABLE `badge` DISABLE KEYS */;
INSERT INTO `badge` VALUES (1,'2023-08-07 00:51:32',1,'badge/logo192_1691135473033.png','badge1','badge1'),(2,'2023-08-16 03:17:12',1,'badge/Kirby_Inhale_1692155831754.png',NULL,NULL),(3,'2023-08-16 03:20:02',1,'badge/Kirby_Inhale_1692156002417.png',NULL,NULL),(4,'2023-08-16 03:39:21',1,'badge/logo192_1692157160906.png',NULL,NULL),(5,'2023-08-16 03:43:11',1,'badge/Kirby_Inhale_1692157391548.png',NULL,NULL),(6,'2023-08-16 03:48:47',0,'badge/logo192_1692157726896.png',NULL,NULL),(7,'2023-08-16 03:49:30',0,'badge/Kirby_Inhale_1692157770770.png','null','null'),(8,'2023-08-16 03:51:35',0,'','null','null'),(9,'2023-08-16 03:52:00',1,'badge/Kirby_Inhale_1692157919952.png',NULL,NULL),(10,'2023-08-16 03:52:27',1,'','null','null');
/*!40000 ALTER TABLE `badge` ENABLE KEYS */;
UNLOCK TABLES;

--
-- Table structure for table `bookmark`
--

DROP TABLE IF EXISTS `bookmark`;
/*!40101 SET @saved_cs_client     = @@character_set_client */;
/*!40101 SET character_set_client = utf8 */;
CREATE TABLE `bookmark` (
  `id` bigint(20) NOT NULL AUTO_INCREMENT,
  `created_at` datetime NOT NULL DEFAULT current_timestamp(),
  `is_valid` tinyint(4) NOT NULL DEFAULT 1,
  `user_id` int(11) NOT NULL,
  `study_id` int(11) NOT NULL,
  PRIMARY KEY (`id`)
) ENGINE=InnoDB AUTO_INCREMENT=61 DEFAULT CHARSET=utf8;
/*!40101 SET character_set_client = @saved_cs_client */;

--
-- Dumping data for table `bookmark`
--

LOCK TABLES `bookmark` WRITE;
/*!40000 ALTER TABLE `bookmark` DISABLE KEYS */;
INSERT INTO `bookmark` VALUES (1,'2023-08-11 03:09:04',0,153,1),(2,'2023-08-11 03:23:52',0,153,7),(4,'2023-08-11 03:36:19',0,35,7),(5,'2023-08-11 03:36:53',0,35,10),(6,'2023-08-11 04:09:59',0,35,2),(7,'2023-08-11 04:10:10',0,35,8),(8,'2023-08-11 04:43:58',0,153,8),(9,'2023-08-11 04:46:04',0,187,7),(10,'2023-08-11 04:47:13',1,187,10),(11,'2023-08-11 05:11:22',0,187,2),(12,'2023-08-11 06:52:50',0,187,8),(13,'2023-08-11 06:59:10',0,187,2),(14,'2023-08-11 06:59:14',0,187,2),(15,'2023-08-11 06:59:47',1,187,2),(16,'2023-08-11 08:00:06',0,153,7),(17,'2023-08-11 08:01:30',1,153,7),(18,'2023-08-11 08:20:49',0,153,2),(19,'2023-08-11 08:20:55',0,153,2),(20,'2023-08-11 08:21:10',0,153,2),(21,'2023-08-11 08:23:56',0,153,10),(22,'2023-08-11 08:24:22',0,153,10),(23,'2023-08-13 10:32:03',1,35,20),(24,'2023-08-13 10:32:16',1,35,7),(25,'2023-08-13 10:32:22',0,35,8),(30,'2023-08-14 05:01:41',0,153,10),(31,'2023-08-14 05:04:00',1,153,10),(32,'2023-08-14 05:59:31',1,153,8),(33,'2023-08-14 07:08:33',0,186,7),(34,'2023-08-14 07:09:47',0,186,7),(35,'2023-08-14 07:10:08',0,186,7),(36,'2023-08-14 07:10:17',1,35,24),(37,'2023-08-14 07:19:42',0,153,1),(38,'2023-08-14 07:19:52',0,153,1),(39,'2023-08-14 07:19:56',0,153,1),(40,'2023-08-14 07:24:32',0,180,10),(41,'2023-08-14 07:27:57',1,153,1),(42,'2023-08-14 07:28:54',0,180,8),(43,'2023-08-14 07:32:11',1,191,10),(44,'2023-08-14 07:41:51',0,35,10),(45,'2023-08-14 07:45:17',0,180,7),(46,'2023-08-14 07:46:02',0,35,10),(47,'2023-08-14 07:46:08',0,35,10),(48,'2023-08-14 07:50:02',1,192,10),(49,'2023-08-14 08:01:59',1,193,10),(50,'2023-08-14 08:06:18',1,193,8),(51,'2023-08-14 08:06:22',1,193,7),(52,'2023-08-14 08:31:23',1,194,8),(53,'2023-08-14 08:33:15',0,187,7),(54,'2023-08-14 08:33:20',1,187,7),(55,'2023-08-14 12:53:03',1,35,8),(56,'2023-08-14 13:31:53',1,35,10),(57,'2023-08-16 00:18:46',1,180,33),(58,'2023-08-16 01:48:32',0,172,33),(59,'2023-08-16 03:07:49',1,153,33),(60,'2023-08-16 05:28:05',1,180,1);
/*!40000 ALTER TABLE `bookmark` ENABLE KEYS */;
UNLOCK TABLES;

--
-- Table structure for table `follow`
--

DROP TABLE IF EXISTS `follow`;
/*!40101 SET @saved_cs_client     = @@character_set_client */;
/*!40101 SET character_set_client = utf8 */;
CREATE TABLE `follow` (
  `id` bigint(20) NOT NULL AUTO_INCREMENT,
  `created_at` datetime NOT NULL DEFAULT current_timestamp(),
  `is_valid` tinyint(4) NOT NULL DEFAULT 1,
  `follower_id` int(11) NOT NULL,
  `followee_id` int(11) NOT NULL,
  PRIMARY KEY (`id`)
) ENGINE=InnoDB AUTO_INCREMENT=91 DEFAULT CHARSET=utf8;
/*!40101 SET character_set_client = @saved_cs_client */;

--
-- Dumping data for table `follow`
--

LOCK TABLES `follow` WRITE;
/*!40000 ALTER TABLE `follow` DISABLE KEYS */;
INSERT INTO `follow` VALUES (1,'2023-08-09 03:59:35',0,35,44),(2,'2023-08-09 04:04:41',0,35,44),(3,'2023-08-09 04:05:22',0,35,44),(4,'2023-08-09 04:05:51',0,35,41),(5,'2023-08-09 04:48:47',0,35,35),(6,'2023-08-09 04:54:35',0,35,35),(7,'2023-08-09 04:54:37',0,35,35),(8,'2023-08-09 04:54:39',0,35,35),(9,'2023-08-09 04:54:42',0,35,35),(10,'2023-08-09 04:57:49',0,35,35),(11,'2023-08-09 04:59:49',0,35,35),(12,'2023-08-09 05:00:21',0,35,35),(13,'2023-08-09 05:01:05',0,35,35),(14,'2023-08-09 05:02:57',0,35,41),(15,'2023-08-09 05:16:46',0,35,41),(16,'2023-08-09 06:50:37',0,35,44),(17,'2023-08-09 06:50:39',0,35,44),(18,'2023-08-09 06:50:48',0,35,44),(19,'2023-08-09 06:50:49',0,35,44),(20,'2023-08-09 06:51:00',0,35,44),(21,'2023-08-09 06:51:02',0,35,44),(22,'2023-08-09 06:51:03',0,35,44),(23,'2023-08-09 06:51:04',0,35,44),(24,'2023-08-09 06:51:13',0,35,44),(25,'2023-08-09 06:52:45',0,35,44),(26,'2023-08-09 06:58:51',0,35,44),(27,'2023-08-09 06:59:04',0,35,44),(28,'2023-08-09 07:01:46',0,35,44),(29,'2023-08-09 07:02:52',0,35,44),(30,'2023-08-09 07:02:53',0,35,44),(31,'2023-08-09 07:20:32',0,35,1),(32,'2023-08-09 07:22:34',0,35,1),(33,'2023-08-09 07:22:52',0,35,41),(34,'2023-08-09 07:23:11',0,35,41),(35,'2023-08-09 07:25:37',0,35,44),(36,'2023-08-09 07:25:42',0,35,44),(37,'2023-08-09 07:25:42',0,35,44),(38,'2023-08-09 07:25:43',0,35,44),(39,'2023-08-09 07:25:44',0,35,44),(40,'2023-08-09 07:25:44',0,35,44),(41,'2023-08-09 07:25:44',0,35,44),(42,'2023-08-09 07:25:45',0,35,44),(43,'2023-08-09 07:25:45',0,35,44),(44,'2023-08-09 07:25:45',0,35,44),(45,'2023-08-09 07:25:46',0,35,44),(46,'2023-08-09 07:25:46',0,35,44),(47,'2023-08-09 07:25:47',0,35,44),(48,'2023-08-09 07:32:47',0,35,44),(49,'2023-08-09 07:32:48',1,35,44),(50,'2023-08-10 00:00:18',0,153,1),(51,'2023-08-10 00:00:28',0,153,1),(52,'2023-08-10 00:00:33',0,153,1),(53,'2023-08-10 00:00:36',0,153,1),(54,'2023-08-10 00:22:24',0,153,1),(55,'2023-08-10 00:22:25',0,153,1),(56,'2023-08-10 00:22:27',0,153,1),(57,'2023-08-10 00:22:29',0,153,1),(58,'2023-08-10 00:22:30',0,153,1),(59,'2023-08-10 01:36:37',1,174,174),(60,'2023-08-10 03:11:36',0,35,1),(61,'2023-08-10 03:13:22',0,35,1),(62,'2023-08-10 03:13:51',0,35,1),(63,'2023-08-10 03:15:48',0,35,1),(64,'2023-08-10 03:17:13',1,35,41),(65,'2023-08-10 03:18:26',0,35,1),(66,'2023-08-10 03:19:01',0,35,1),(67,'2023-08-10 03:21:28',0,35,1),(68,'2023-08-10 03:22:00',0,35,1),(69,'2023-08-10 03:22:45',0,35,1),(70,'2023-08-10 03:23:51',0,35,1),(71,'2023-08-10 03:23:53',0,35,1),(72,'2023-08-10 03:26:16',0,35,1),(73,'2023-08-10 03:26:34',0,35,1),(74,'2023-08-10 03:26:35',0,35,1),(75,'2023-08-10 03:26:43',0,35,1),(76,'2023-08-10 03:27:35',0,35,1),(77,'2023-08-10 03:27:45',0,35,1),(78,'2023-08-10 03:27:46',1,35,1),(79,'2023-08-10 03:28:40',1,153,41),(80,'2023-08-10 03:40:53',0,35,35),(81,'2023-08-10 03:40:57',0,35,35),(82,'2023-08-10 07:08:39',0,180,35),(83,'2023-08-16 04:02:54',0,153,1),(84,'2023-08-16 04:03:47',0,153,172),(85,'2023-08-16 04:06:02',0,153,1),(86,'2023-08-16 04:30:52',0,153,1),(87,'2023-08-16 04:30:54',1,153,1),(88,'2023-08-16 04:31:01',1,153,172),(89,'2023-08-16 05:03:52',1,180,1),(90,'2023-08-16 05:39:24',1,195,153);
/*!40000 ALTER TABLE `follow` ENABLE KEYS */;
UNLOCK TABLES;

--
-- Table structure for table `gugun`
--

DROP TABLE IF EXISTS `gugun`;
/*!40101 SET @saved_cs_client     = @@character_set_client */;
/*!40101 SET character_set_client = utf8 */;
CREATE TABLE `gugun` (
  `id` bigint(20) NOT NULL AUTO_INCREMENT,
  `created_at` datetime NOT NULL DEFAULT current_timestamp(),
  `is_valid` tinyint(4) DEFAULT 1,
  `name` varchar(45) COLLATE utf8mb4_bin NOT NULL,
  `sido_id` int(11) NOT NULL,
  PRIMARY KEY (`id`,`sido_id`)
) ENGINE=InnoDB AUTO_INCREMENT=32 DEFAULT CHARSET=utf8mb4 COLLATE=utf8mb4_bin;
/*!40101 SET character_set_client = @saved_cs_client */;

--
-- Dumping data for table `gugun`
--

LOCK TABLES `gugun` WRITE;
/*!40000 ALTER TABLE `gugun` DISABLE KEYS */;
INSERT INTO `gugun` VALUES (1,'2023-08-01 15:41:40',1,'강남구',1),(1,'2023-08-01 15:41:40',1,'강화군',2),(1,'2023-08-01 15:41:40',1,'대덕구',3),(1,'2023-08-01 15:41:40',1,'남구',4),(1,'2023-08-01 15:41:40',1,'광산구',5),(1,'2023-08-01 15:41:40',1,'강서구',6),(1,'2023-08-01 15:41:40',1,'중구',7),(1,'2023-08-01 15:41:40',1,'세종특별자치시',8),(1,'2023-08-01 15:41:40',1,'가평군',31),(1,'2023-08-01 15:41:40',1,'강릉시',32),(1,'2023-08-01 15:41:40',1,'괴산군',33),(1,'2023-08-01 15:41:40',1,'공주시',34),(1,'2023-08-01 15:41:40',1,'경산시',35),(1,'2023-08-01 15:41:40',1,'거제시',36),(1,'2023-08-01 15:41:40',1,'고창군',37),(1,'2023-08-01 15:41:40',1,'강진군',38),(1,'2023-08-01 15:41:40',1,'남제주군',39),(2,'2023-08-01 15:41:40',1,'강동구',1),(2,'2023-08-01 15:41:40',1,'계양구',2),(2,'2023-08-01 15:41:40',1,'동구',3),(2,'2023-08-01 15:41:40',1,'달서구',4),(2,'2023-08-01 15:41:40',1,'남구',5),(2,'2023-08-01 15:41:40',1,'금정구',6),(2,'2023-08-01 15:41:40',1,'남구',7),(2,'2023-08-01 15:41:40',1,'고양시',31),(2,'2023-08-01 15:41:40',1,'고성군',32),(2,'2023-08-01 15:41:40',1,'단양군',33),(2,'2023-08-01 15:41:40',1,'금산군',34),(2,'2023-08-01 15:41:40',1,'경주시',35),(2,'2023-08-01 15:41:40',1,'거창군',36),(2,'2023-08-01 15:41:40',1,'군산시',37),(2,'2023-08-01 15:41:40',1,'고흥군',38),(2,'2023-08-01 15:41:40',1,'북제주군',39),(3,'2023-08-01 15:41:40',1,'강북구',1),(3,'2023-08-01 15:41:40',1,'미추홀구',2),(3,'2023-08-01 15:41:40',1,'서구',3),(3,'2023-08-01 15:41:40',1,'달성군',4),(3,'2023-08-01 15:41:40',1,'동구',5),(3,'2023-08-01 15:41:40',1,'기장군',6),(3,'2023-08-01 15:41:40',1,'동구',7),(3,'2023-08-01 15:41:40',1,'과천시',31),(3,'2023-08-01 15:41:40',1,'동해시',32),(3,'2023-08-01 15:41:40',1,'보은군',33),(3,'2023-08-01 15:41:40',1,'논산시',34),(3,'2023-08-01 15:41:40',1,'고령군',35),(3,'2023-08-01 15:41:40',1,'고성군',36),(3,'2023-08-01 15:41:40',1,'김제시',37),(3,'2023-08-01 15:41:40',1,'곡성군',38),(3,'2023-08-01 15:41:40',1,'서귀포시',39),(4,'2023-08-01 15:41:40',1,'강서구',1),(4,'2023-08-01 15:41:40',1,'남동구',2),(4,'2023-08-01 15:41:40',1,'유성구',3),(4,'2023-08-01 15:41:40',1,'동구',4),(4,'2023-08-01 15:41:40',1,'북구',5),(4,'2023-08-01 15:41:40',1,'남구',6),(4,'2023-08-01 15:41:40',1,'북구',7),(4,'2023-08-01 15:41:40',1,'광명시',31),(4,'2023-08-01 15:41:40',1,'삼척시',32),(4,'2023-08-01 15:41:40',1,'영동군',33),(4,'2023-08-01 15:41:40',1,'당진시',34),(4,'2023-08-01 15:41:40',1,'구미시',35),(4,'2023-08-01 15:41:40',1,'김해시',36),(4,'2023-08-01 15:41:40',1,'남원시',37),(4,'2023-08-01 15:41:40',1,'광양시',38),(4,'2023-08-01 15:41:40',1,'제주시',39),(5,'2023-08-01 15:41:40',1,'관악구',1),(5,'2023-08-01 15:41:40',1,'동구',2),(5,'2023-08-01 15:41:40',1,'중구',3),(5,'2023-08-01 15:41:40',1,'북구',4),(5,'2023-08-01 15:41:40',1,'서구',5),(5,'2023-08-01 15:41:40',1,'동구',6),(5,'2023-08-01 15:41:40',1,'울주군',7),(5,'2023-08-01 15:41:40',1,'광주시',31),(5,'2023-08-01 15:41:40',1,'속초시',32),(5,'2023-08-01 15:41:40',1,'옥천군',33),(5,'2023-08-01 15:41:40',1,'보령시',34),(5,'2023-08-01 15:41:40',1,'군위군',35),(5,'2023-08-01 15:41:40',1,'남해군',36),(5,'2023-08-01 15:41:40',1,'무주군',37),(5,'2023-08-01 15:41:40',1,'구례군',38),(6,'2023-08-01 15:41:40',1,'광진구',1),(6,'2023-08-01 15:41:40',1,'부평구',2),(6,'2023-08-01 15:41:40',1,'서구',4),(6,'2023-08-01 15:41:40',1,'동래구',6),(6,'2023-08-01 15:41:40',1,'구리시',31),(6,'2023-08-01 15:41:40',1,'양구군',32),(6,'2023-08-01 15:41:40',1,'음성군',33),(6,'2023-08-01 15:41:40',1,'부여군',34),(6,'2023-08-01 15:41:40',1,'김천시',35),(6,'2023-08-01 15:41:40',1,'마산시',36),(6,'2023-08-01 15:41:40',1,'부안군',37),(6,'2023-08-01 15:41:40',1,'나주시',38),(7,'2023-08-01 15:41:40',1,'구로구',1),(7,'2023-08-01 15:41:40',1,'서구',2),(7,'2023-08-01 15:41:40',1,'수성구',4),(7,'2023-08-01 15:41:40',1,'부산진구',6),(7,'2023-08-01 15:41:40',1,'군포시',31),(7,'2023-08-01 15:41:40',1,'양양군',32),(7,'2023-08-01 15:41:40',1,'제천시',33),(7,'2023-08-01 15:41:40',1,'서산시',34),(7,'2023-08-01 15:41:40',1,'문경시',35),(7,'2023-08-01 15:41:40',1,'밀양시',36),(7,'2023-08-01 15:41:40',1,'순창군',37),(7,'2023-08-01 15:41:40',1,'담양군',38),(8,'2023-08-01 15:41:40',1,'금천구',1),(8,'2023-08-01 15:41:40',1,'연수구',2),(8,'2023-08-01 15:41:40',1,'중구',4),(8,'2023-08-01 15:41:40',1,'북구',6),(8,'2023-08-01 15:41:40',1,'김포시',31),(8,'2023-08-01 15:41:40',1,'영월군',32),(8,'2023-08-01 15:41:40',1,'진천군',33),(8,'2023-08-01 15:41:40',1,'서천군',34),(8,'2023-08-01 15:41:40',1,'봉화군',35),(8,'2023-08-01 15:41:40',1,'사천시',36),(8,'2023-08-01 15:41:40',1,'완주군',37),(8,'2023-08-01 15:41:40',1,'목포시',38),(9,'2023-08-01 15:41:40',1,'노원구',1),(9,'2023-08-01 15:41:40',1,'옹진군',2),(9,'2023-08-01 15:41:40',1,'사상구',6),(9,'2023-08-01 15:41:40',1,'남양주시',31),(9,'2023-08-01 15:41:40',1,'원주시',32),(9,'2023-08-01 15:41:40',1,'청원군',33),(9,'2023-08-01 15:41:40',1,'아산시',34),(9,'2023-08-01 15:41:40',1,'상주시',35),(9,'2023-08-01 15:41:40',1,'산청군',36),(9,'2023-08-01 15:41:40',1,'익산시',37),(9,'2023-08-01 15:41:40',1,'무안군',38),(10,'2023-08-01 15:41:40',1,'도봉구',1),(10,'2023-08-01 15:41:40',1,'중구',2),(10,'2023-08-01 15:41:40',1,'사하구',6),(10,'2023-08-01 15:41:40',1,'동두천시',31),(10,'2023-08-01 15:41:40',1,'인제군',32),(10,'2023-08-01 15:41:40',1,'청주시',33),(10,'2023-08-01 15:41:40',1,'성주군',35),(10,'2023-08-01 15:41:40',1,'양산시',36),(10,'2023-08-01 15:41:40',1,'임실군',37),(10,'2023-08-01 15:41:40',1,'보성군',38),(11,'2023-08-01 15:41:40',1,'동대문구',1),(11,'2023-08-01 15:41:40',1,'서구',6),(11,'2023-08-01 15:41:40',1,'부천시',31),(11,'2023-08-01 15:41:40',1,'정선군',32),(11,'2023-08-01 15:41:40',1,'충주시',33),(11,'2023-08-01 15:41:40',1,'예산군',34),(11,'2023-08-01 15:41:40',1,'안동시',35),(11,'2023-08-01 15:41:40',1,'장수군',37),(11,'2023-08-01 15:41:40',1,'순천시',38),(12,'2023-08-01 15:41:40',1,'동작구',1),(12,'2023-08-01 15:41:40',1,'수영구',6),(12,'2023-08-01 15:41:40',1,'성남시',31),(12,'2023-08-01 15:41:40',1,'철원군',32),(12,'2023-08-01 15:41:40',1,'증평군',33),(12,'2023-08-01 15:41:40',1,'천안시',34),(12,'2023-08-01 15:41:40',1,'영덕군',35),(12,'2023-08-01 15:41:40',1,'의령군',36),(12,'2023-08-01 15:41:40',1,'전주시',37),(12,'2023-08-01 15:41:40',1,'신안군',38),(13,'2023-08-01 15:41:40',1,'마포구',1),(13,'2023-08-01 15:41:40',1,'연제구',6),(13,'2023-08-01 15:41:40',1,'수원시',31),(13,'2023-08-01 15:41:40',1,'춘천시',32),(13,'2023-08-01 15:41:40',1,'청양군',34),(13,'2023-08-01 15:41:40',1,'영양군',35),(13,'2023-08-01 15:41:40',1,'진주시',36),(13,'2023-08-01 15:41:40',1,'정읍시',37),(13,'2023-08-01 15:41:40',1,'여수시',38),(14,'2023-08-01 15:41:40',1,'서대문구',1),(14,'2023-08-01 15:41:40',1,'영도구',6),(14,'2023-08-01 15:41:40',1,'시흥시',31),(14,'2023-08-01 15:41:40',1,'태백시',32),(14,'2023-08-01 15:41:40',1,'태안군',34),(14,'2023-08-01 15:41:40',1,'영주시',35),(14,'2023-08-01 15:41:40',1,'진해시',36),(14,'2023-08-01 15:41:40',1,'진안군',37),(15,'2023-08-01 15:41:40',1,'서초구',1),(15,'2023-08-01 15:41:40',1,'중구',6),(15,'2023-08-01 15:41:40',1,'안산시',31),(15,'2023-08-01 15:41:40',1,'평창군',32),(15,'2023-08-01 15:41:40',1,'홍성군',34),(15,'2023-08-01 15:41:40',1,'영천시',35),(15,'2023-08-01 15:41:40',1,'창녕군',36),(16,'2023-08-01 15:41:40',1,'성동구',1),(16,'2023-08-01 15:41:40',1,'해운대구',6),(16,'2023-08-01 15:41:40',1,'안성시',31),(16,'2023-08-01 15:41:40',1,'홍천군',32),(16,'2023-08-01 15:41:40',1,'계룡시',34),(16,'2023-08-01 15:41:40',1,'예천군',35),(16,'2023-08-01 15:41:40',1,'창원시',36),(16,'2023-08-01 15:41:40',1,'영광군',38),(17,'2023-08-01 15:41:40',1,'성북구',1),(17,'2023-08-01 15:41:40',1,'안양시',31),(17,'2023-08-01 15:41:40',1,'화천군',32),(17,'2023-08-01 15:41:40',1,'울릉군',35),(17,'2023-08-01 15:41:40',1,'통영시',36),(17,'2023-08-01 15:41:40',1,'영암군',38),(18,'2023-08-01 15:41:40',1,'송파구',1),(18,'2023-08-01 15:41:40',1,'양주시',31),(18,'2023-08-01 15:41:40',1,'횡성군',32),(18,'2023-08-01 15:41:40',1,'울진군',35),(18,'2023-08-01 15:41:40',1,'하동군',36),(18,'2023-08-01 15:41:40',1,'완도군',38),(19,'2023-08-01 15:41:40',1,'양천구',1),(19,'2023-08-01 15:41:40',1,'양평군',31),(19,'2023-08-01 15:41:40',1,'의성군',35),(19,'2023-08-01 15:41:40',1,'함안군',36),(19,'2023-08-01 15:41:40',1,'장성군',38),(20,'2023-08-01 15:41:40',1,'영등포구',1),(20,'2023-08-01 15:41:40',1,'여주시',31),(20,'2023-08-01 15:41:40',1,'청도군',35),(20,'2023-08-01 15:41:40',1,'함양군',36),(20,'2023-08-01 15:41:40',1,'장흥군',38),(21,'2023-08-01 15:41:40',1,'용산구',1),(21,'2023-08-01 15:41:40',1,'연천군',31),(21,'2023-08-01 15:41:40',1,'청송군',35),(21,'2023-08-01 15:41:40',1,'합천군',36),(21,'2023-08-01 15:41:40',1,'진도군',38),(22,'2023-08-01 15:41:40',1,'은평구',1),(22,'2023-08-01 15:41:40',1,'오산시',31),(22,'2023-08-01 15:41:40',1,'칠곡군',35),(22,'2023-08-01 15:41:40',1,'함평군',38),(23,'2023-08-01 15:41:40',1,'종로구',1),(23,'2023-08-01 15:41:40',1,'용인시',31),(23,'2023-08-01 15:41:40',1,'포항시',35),(23,'2023-08-01 15:41:40',1,'해남군',38),(24,'2023-08-01 15:41:40',1,'중구',1),(24,'2023-08-01 15:41:40',1,'의왕시',31),(24,'2023-08-01 15:41:40',1,'화순군',38),(25,'2023-08-01 15:41:40',1,'중랑구',1),(25,'2023-08-01 15:41:40',1,'의정부시',31),(26,'2023-08-01 15:41:40',1,'이천시',31),(27,'2023-08-01 15:41:40',1,'파주시',31),(28,'2023-08-01 15:41:40',1,'평택시',31),(29,'2023-08-01 15:41:40',1,'포천시',31),(30,'2023-08-01 15:41:40',1,'하남시',31),(31,'2023-08-01 15:41:40',1,'화성시',31);
/*!40000 ALTER TABLE `gugun` ENABLE KEYS */;
UNLOCK TABLES;

--
-- Table structure for table `message`
--

DROP TABLE IF EXISTS `message`;
/*!40101 SET @saved_cs_client     = @@character_set_client */;
/*!40101 SET character_set_client = utf8 */;
CREATE TABLE `message` (
  `id` bigint(20) NOT NULL AUTO_INCREMENT,
  `created_at` datetime NOT NULL DEFAULT current_timestamp(),
  `is_valid` tinyint(4) NOT NULL DEFAULT 1,
  `channel_id` int(11) NOT NULL,
  `user_id` int(11) NOT NULL,
  `content` varchar(1024) DEFAULT NULL,
  `file_url` varchar(128) DEFAULT NULL,
  PRIMARY KEY (`id`)
) ENGINE=InnoDB DEFAULT CHARSET=utf8;
/*!40101 SET character_set_client = @saved_cs_client */;

--
-- Dumping data for table `message`
--

LOCK TABLES `message` WRITE;
/*!40000 ALTER TABLE `message` DISABLE KEYS */;
/*!40000 ALTER TABLE `message` ENABLE KEYS */;
UNLOCK TABLES;

--
-- Table structure for table `participation_history`
--

DROP TABLE IF EXISTS `participation_history`;
/*!40101 SET @saved_cs_client     = @@character_set_client */;
/*!40101 SET character_set_client = utf8 */;
CREATE TABLE `participation_history` (
  `id` bigint(20) NOT NULL AUTO_INCREMENT,
  `created_at` datetime NOT NULL DEFAULT current_timestamp(),
  `is_valid` tinyint(4) NOT NULL DEFAULT 1,
  `user_id` int(11) NOT NULL,
  `study_id` int(11) NOT NULL,
  `user_role` int(11) NOT NULL,
  `joined_at` datetime DEFAULT NULL,
  `leaved_at` datetime DEFAULT NULL,
  `status` int(11) DEFAULT 0,
  PRIMARY KEY (`id`)
) ENGINE=InnoDB AUTO_INCREMENT=88 DEFAULT CHARSET=utf8;
/*!40101 SET character_set_client = @saved_cs_client */;

--
-- Dumping data for table `participation_history`
--

LOCK TABLES `participation_history` WRITE;
/*!40000 ALTER TABLE `participation_history` DISABLE KEYS */;
INSERT INTO `participation_history` VALUES (1,'2023-08-07 00:44:38',1,35,1,1,NULL,NULL,1),(2,'2023-08-07 00:45:14',1,41,1,0,NULL,NULL,1),(3,'2023-08-07 00:45:14',1,44,1,0,NULL,NULL,1),(4,'2023-08-07 00:45:43',0,35,2,0,NULL,NULL,2),(5,'2023-08-07 00:45:43',2,41,2,1,NULL,NULL,2),(6,'2023-08-07 00:45:43',2,44,2,0,NULL,NULL,2),(9,'2023-08-07 07:18:00',1,1,7,0,'2023-08-10 08:00:09',NULL,2),(10,'2023-08-07 07:33:07',1,35,7,1,NULL,NULL,1),(11,'2023-08-07 07:33:07',1,41,7,0,NULL,NULL,1),(12,'2023-08-07 07:33:07',1,44,7,0,NULL,NULL,1),(13,'2023-08-08 07:59:35',1,35,8,1,NULL,NULL,1),(14,'2023-08-08 07:59:35',1,41,8,0,NULL,NULL,1),(15,'2023-08-08 07:59:35',1,44,8,0,NULL,NULL,1),(21,'2023-08-10 08:21:26',1,1,10,0,NULL,NULL,0),(23,'2023-08-11 01:11:16',1,35,10,0,NULL,NULL,0),(48,'2023-08-11 03:41:14',1,153,1,0,NULL,NULL,3),(49,'2023-08-11 03:41:14',1,153,2,0,NULL,NULL,2),(50,'2023-08-11 03:41:14',1,153,3,0,NULL,NULL,0),(51,'2023-08-11 03:41:14',1,153,4,0,NULL,NULL,0),(52,'2023-08-11 03:41:14',1,153,5,0,NULL,NULL,0),(53,'2023-08-11 03:41:15',1,153,6,0,NULL,NULL,0),(54,'2023-08-11 03:41:15',1,153,7,0,NULL,NULL,0),(55,'2023-08-11 03:41:15',1,153,8,0,NULL,NULL,0),(56,'2023-08-11 03:41:15',1,153,9,0,NULL,NULL,1),(57,'2023-08-11 03:41:15',1,153,10,0,NULL,NULL,1),(58,'2023-08-11 03:56:11',1,35,1,1,'2023-08-11 03:56:11',NULL,0),(59,'2023-08-11 04:09:50',1,35,20,1,'2023-08-11 04:09:50',NULL,1),(60,'2023-08-11 04:31:38',1,35,21,1,'2023-08-11 04:31:38',NULL,1),(61,'2023-08-11 04:45:59',1,186,7,0,NULL,NULL,0),(62,'2023-08-11 04:47:27',1,187,10,0,NULL,NULL,0),(63,'2023-08-11 04:56:23',1,187,7,0,NULL,NULL,0),(64,'2023-08-11 04:57:28',1,187,8,0,NULL,NULL,0),(65,'2023-08-11 05:03:02',1,186,10,0,NULL,NULL,0),(66,'2023-08-11 05:12:59',1,187,2,0,NULL,NULL,2),(67,'2023-08-11 05:37:54',1,186,2,0,NULL,NULL,2),(68,'2023-08-11 08:23:33',1,153,22,1,'2023-08-11 08:23:33',NULL,0),(69,'2023-08-12 09:20:48',1,35,23,1,'2023-08-12 09:20:48',NULL,1),(70,'2023-08-12 09:25:49',1,35,24,1,'2023-08-12 09:25:49',NULL,0),(71,'2023-08-12 09:30:28',1,35,25,1,'2023-08-12 09:30:29',NULL,0),(72,'2023-08-12 09:36:55',1,35,26,1,'2023-08-12 09:36:55',NULL,0),(73,'2023-08-12 09:38:25',1,35,27,1,'2023-08-12 09:38:25',NULL,1),(74,'2023-08-12 09:38:55',1,35,28,1,'2023-08-12 09:38:55',NULL,0),(75,'2023-08-12 12:30:14',1,35,29,1,'2023-08-12 12:30:14',NULL,0),(76,'2023-08-13 09:55:08',1,186,8,0,NULL,NULL,0),(77,'2023-08-14 00:48:16',1,35,30,1,'2023-08-14 00:48:16',NULL,0),(78,'2023-08-14 01:56:53',1,180,31,1,'2023-08-14 01:56:53',NULL,0),(79,'2023-08-14 03:05:32',1,35,32,1,'2023-08-14 03:05:32',NULL,0),(80,'2023-08-16 02:14:56',1,35,33,0,NULL,NULL,0),(81,'2023-08-16 02:14:56',1,186,33,0,NULL,NULL,0),(82,'2023-08-16 04:00:51',1,35,34,1,'2023-08-16 13:00:51',NULL,0),(83,'2023-08-16 04:02:59',1,35,35,1,'2023-08-16 04:02:59',NULL,0),(84,'2023-08-16 04:03:55',1,35,36,1,'2023-08-16 04:03:55',NULL,0),(85,'2023-08-16 04:04:30',1,35,37,1,'2023-08-16 04:04:30',NULL,0),(86,'2023-08-16 05:20:47',1,180,38,1,'2023-08-16 05:20:47',NULL,0),(87,'2023-08-16 05:20:48',1,180,39,1,'2023-08-16 05:20:48',NULL,0);
/*!40000 ALTER TABLE `participation_history` ENABLE KEYS */;
UNLOCK TABLES;

--
-- Table structure for table `qna`
--

DROP TABLE IF EXISTS `qna`;
/*!40101 SET @saved_cs_client     = @@character_set_client */;
/*!40101 SET character_set_client = utf8 */;
CREATE TABLE `qna` (
  `id` bigint(20) NOT NULL AUTO_INCREMENT,
  `created_at` datetime NOT NULL DEFAULT current_timestamp(),
  `is_valid` tinyint(4) NOT NULL DEFAULT 1,
  `study_id` int(11) NOT NULL,
  `user_id` int(11) NOT NULL,
  `question` varchar(1024) COLLATE utf8mb4_bin NOT NULL,
  `answer` varchar(1024) COLLATE utf8mb4_bin DEFAULT NULL,
  PRIMARY KEY (`id`)
) ENGINE=InnoDB AUTO_INCREMENT=18 DEFAULT CHARSET=utf8mb4 COLLATE=utf8mb4_bin;
/*!40101 SET character_set_client = @saved_cs_client */;

--
-- Dumping data for table `qna`
--

LOCK TABLES `qna` WRITE;
/*!40000 ALTER TABLE `qna` DISABLE KEYS */;
INSERT INTO `qna` VALUES (1,'2023-08-10 01:32:15',1,7,35,'hi','hi'),(2,'2023-08-10 01:32:15',1,7,41,'hi2','hi2'),(3,'2023-08-14 10:58:28',1,7,35,'string',NULL),(4,'2023-08-14 10:59:05',1,7,35,'string',NULL),(5,'2023-08-14 11:00:22',1,8,35,'제 자리는 왜 이리 춥나요','에어컨이 직빵이기 때문입니다.'),(6,'2023-08-16 00:16:01',1,7,153,'난 몰랐어 이 스터디가 이리 다채로운지','긴 스터디를 해 교재는 작은 제본'),(7,'2023-08-16 00:45:48',1,8,153,'제가 써 봐서 아는데 파이썬 느리거든요','얘 또 여기서 분탕질이네'),(8,'2023-08-16 01:32:11',1,21,153,'제가 써봐서 아는데 텐서플로우가 좋더라구요','으으쩔'),(9,'2023-08-16 01:42:42',1,33,153,'혹시 주에 클라이밍 몇 번 가세요?','몰라여'),(10,'2023-08-16 01:44:19',1,21,153,'제가 써봐서 아는데 파이토치도 좋음 ㅅㄱ','으쩌라고 진짜 쌍으로 난리네'),(11,'2023-08-16 02:17:06',1,33,153,'안녕하세요?','네네'),(12,'2023-08-16 04:05:43',1,33,172,'질문 테스트','답변'),(13,'2023-08-16 04:12:33',1,33,172,' 긴 질문 테스트긴 질문 테스트긴 질문 테스트긴 질문 테스트긴 질문 테스트긴 질문 테스트긴 질문 테스트','긴 질문 테스트긴 질문 테스트긴 질문 테스트긴 질문 테스트긴 질문 테스트긴 질문 테스트긴 질문 테스트긴 질문 테스트긴 질문 테스트긴 질문 테스트긴 질문 테스트긴 질문 테스트긴 질문 테스트'),(14,'2023-08-16 04:13:31',1,33,172,'ㅈㅈㅈ','ㅈㅁㄴㅇㄹ'),(15,'2023-08-16 04:21:16',1,33,172,'질문',NULL),(16,'2023-08-16 04:26:13',1,10,172,'무슨 영화 봐요?',NULL),(17,'2023-08-16 05:39:16',1,10,195,'I wanna watch Write the Future',NULL);
/*!40000 ALTER TABLE `qna` ENABLE KEYS */;
UNLOCK TABLES;

--
-- Table structure for table `session`
--

DROP TABLE IF EXISTS `session`;
/*!40101 SET @saved_cs_client     = @@character_set_client */;
/*!40101 SET character_set_client = utf8 */;
CREATE TABLE `session` (
  `id` bigint(20) NOT NULL AUTO_INCREMENT,
  `created_at` datetime NOT NULL DEFAULT current_timestamp(),
  `is_valid` tinyint(4) NOT NULL DEFAULT 1,
  `started_at` datetime DEFAULT NULL,
  `ended_at` datetime DEFAULT NULL,
  `study_id` int(11) NOT NULL,
  `title` varchar(128) DEFAULT NULL,
  `description` varchar(1024) DEFAULT NULL,
  `comment` varchar(128) DEFAULT NULL,
  `status` tinyint(4) DEFAULT NULL,
  `seq_num` int(11) DEFAULT NULL,
  PRIMARY KEY (`id`)
) ENGINE=InnoDB AUTO_INCREMENT=9 DEFAULT CHARSET=utf8;
/*!40101 SET character_set_client = @saved_cs_client */;

--
-- Dumping data for table `session`
--

LOCK TABLES `session` WRITE;
/*!40000 ALTER TABLE `session` DISABLE KEYS */;
INSERT INTO `session` VALUES (1,'2023-08-14 02:24:37',1,NULL,NULL,1,'\"AI 1주\"','\"AI의 기초 배경지식에 대해 학습합니다\"','\"참고 자료를 확인해주세요\"',0,1),(2,'2023-08-14 03:05:32',1,NULL,NULL,32,'\"AI 1주\"','\"AI의 기초 배경지식에 대해 학습합니다\"','\"참고 자료를 확인해주세요\"',NULL,1),(3,'2023-08-16 04:00:51',1,NULL,NULL,34,'\"AI 1주\"','\"AI의 기초 배경지식에 대해 학습합니다\"','\"참고 자료를 확인해주세요\"',NULL,1),(4,'2023-08-16 04:02:58',1,NULL,NULL,35,'\"AI 1주\"','\"AI의 기초 배경지식에 대해 학습합니다\"','\"참고 자료를 확인해주세요\"',NULL,1),(5,'2023-08-16 04:03:55',1,NULL,NULL,36,'\"AI 1주\"','\"AI의 기초 배경지식에 대해 학습합니다\"','\"참고 자료를 확인해주세요\"',NULL,1),(6,'2023-08-16 04:04:30',1,NULL,NULL,37,'\"AI 1주\"','\"AI의 기초 배경지식에 대해 학습합니다\"','\"참고 자료를 확인해주세요\"',NULL,1),(7,'2023-08-16 05:20:47',1,NULL,NULL,38,'\"AI 1주\"','\"AI의 기초 배경지식에 대해 학습합니다\"','\"참고 자료를 확인해주세요\"',NULL,1),(8,'2023-08-16 05:20:48',1,NULL,NULL,39,'\"AI 1주\"','\"AI의 기초 배경지식에 대해 학습합니다\"','\"참고 자료를 확인해주세요\"',NULL,1);
/*!40000 ALTER TABLE `session` ENABLE KEYS */;
UNLOCK TABLES;

--
-- Table structure for table `session_check`
--

DROP TABLE IF EXISTS `session_check`;
/*!40101 SET @saved_cs_client     = @@character_set_client */;
/*!40101 SET character_set_client = utf8 */;
CREATE TABLE `session_check` (
  `id` bigint(20) NOT NULL AUTO_INCREMENT,
  `created_at` datetime NOT NULL DEFAULT current_timestamp(),
  `is_valid` tinyint(4) NOT NULL DEFAULT 1,
  `user_id` int(11) NOT NULL,
  `session_id` int(11) NOT NULL,
  `content` varchar(1024) DEFAULT NULL,
  PRIMARY KEY (`id`)
) ENGINE=InnoDB AUTO_INCREMENT=2 DEFAULT CHARSET=utf8;
/*!40101 SET character_set_client = @saved_cs_client */;

--
-- Dumping data for table `session_check`
--

LOCK TABLES `session_check` WRITE;
/*!40000 ALTER TABLE `session_check` DISABLE KEYS */;
INSERT INTO `session_check` VALUES (1,'2023-08-14 02:24:37',1,1,1,NULL);
/*!40000 ALTER TABLE `session_check` ENABLE KEYS */;
UNLOCK TABLES;

--
-- Table structure for table `sido`
--

DROP TABLE IF EXISTS `sido`;
/*!40101 SET @saved_cs_client     = @@character_set_client */;
/*!40101 SET character_set_client = utf8 */;
CREATE TABLE `sido` (
  `id` bigint(20) NOT NULL AUTO_INCREMENT,
  `created_at` datetime NOT NULL DEFAULT current_timestamp(),
  `is_valid` tinyint(4) DEFAULT 1,
  `name` varchar(45) COLLATE utf8mb4_bin NOT NULL,
  PRIMARY KEY (`id`)
) ENGINE=InnoDB AUTO_INCREMENT=40 DEFAULT CHARSET=utf8mb4 COLLATE=utf8mb4_bin;
/*!40101 SET character_set_client = @saved_cs_client */;

--
-- Dumping data for table `sido`
--

LOCK TABLES `sido` WRITE;
/*!40000 ALTER TABLE `sido` DISABLE KEYS */;
INSERT INTO `sido` VALUES (1,'2023-08-01 15:27:10',1,'서울'),(2,'2023-08-01 15:27:10',1,'인천'),(3,'2023-08-01 15:27:10',1,'대전'),(4,'2023-08-01 15:27:10',1,'대구'),(5,'2023-08-01 15:27:10',1,'광주'),(6,'2023-08-01 15:27:10',1,'부산'),(7,'2023-08-01 15:27:10',1,'울산'),(8,'2023-08-01 15:27:10',1,'세종특별자치시'),(31,'2023-08-01 15:27:10',1,'경기도'),(32,'2023-08-01 15:27:10',1,'강원도'),(33,'2023-08-01 15:27:10',1,'충청북도'),(34,'2023-08-01 15:27:10',1,'충청남도'),(35,'2023-08-01 15:27:10',1,'경상북도'),(36,'2023-08-01 15:27:10',1,'경상남도'),(37,'2023-08-01 15:27:10',1,'전라북도'),(38,'2023-08-01 15:27:10',1,'전라남도'),(39,'2023-08-01 15:27:10',1,'제주도');
/*!40000 ALTER TABLE `sido` ENABLE KEYS */;
UNLOCK TABLES;

--
-- Table structure for table `study`
--

DROP TABLE IF EXISTS `study`;
/*!40101 SET @saved_cs_client     = @@character_set_client */;
/*!40101 SET character_set_client = utf8 */;
CREATE TABLE `study` (
  `id` bigint(20) NOT NULL AUTO_INCREMENT,
  `created_at` datetime NOT NULL DEFAULT current_timestamp(),
  `is_valid` tinyint(4) NOT NULL DEFAULT 1,
  `title` varchar(1024) NOT NULL,
  `description` varchar(1024) DEFAULT NULL,
  `original_id` int(11) DEFAULT 0,
  `leader_id` int(11) DEFAULT 0,
  `hit` int(11) DEFAULT 0,
  `rule` varchar(1024) DEFAULT NULL,
  `started_at` datetime DEFAULT NULL,
  `ended_at` datetime DEFAULT NULL,
  `recruit_finished_at` datetime DEFAULT NULL,
  `max_member` int(11) DEFAULT 0,
  `min_member` int(11) DEFAULT 0,
  `current_member` int(11) DEFAULT NULL,
  `is_online` tinyint(4) DEFAULT 0,
  `like_cnt` int(11) DEFAULT 0,
  `bookmark_cnt` int(11) DEFAULT 0,
  `status` int(11) DEFAULT NULL,
  `sido_id` int(11) DEFAULT 0,
  `gugun_id` int(11) DEFAULT 0,
  `badge_id` bigint(20) DEFAULT NULL,
  `cover_img_url` varchar(128) DEFAULT NULL,
  PRIMARY KEY (`id`)
) ENGINE=InnoDB AUTO_INCREMENT=40 DEFAULT CHARSET=utf8;
/*!40101 SET character_set_client = @saved_cs_client */;

--
-- Dumping data for table `study`
--

LOCK TABLES `study` WRITE;
/*!40000 ALTER TABLE `study` DISABLE KEYS */;
INSERT INTO `study` VALUES (1,'2023-08-04 01:40:04',1,'AI 기초 스터디','인공지능 기초 이론과 알고리즘을 공부하는 스터디입니다.',1,35,59,'1. 매주 화요일 8시에 모입니다.\n2. 각자 주제를 정해서 발표합니다.','2023-08-01 00:00:00','2023-10-01 00:00:00','2023-07-25 00:00:00',10,5,3,0,2,3,5,1,1,1,NULL),(2,'2023-08-04 01:40:04',1,'면접 대비 스터디','기업 면접 대비 인성 면접과 기술 면접을 연습하는 스터디입니다.',1,41,3,'1. 매주 토요일 2시에 진행합니다.\n2. 면접 질문을 사전에 공유하고 준비합니다.','2023-08-05 00:00:00','2023-09-30 00:00:00','2023-07-30 00:00:00',8,3,3,0,2,1,2,2,1,1,NULL),(3,'2023-08-04 01:40:04',1,'자바 프로그래밍 스터디','자바 프로그래밍 기초와 실전 예제를 풀어보는 스터디입니다.',NULL,1,0,'1. 주로 온라인으로 진행합니다.\n2. 매주 목요일에 진도 공유와 토의를 합니다.','2023-08-10 00:00:00','2023-09-30 00:00:00','2023-08-05 00:00:00',12,6,0,1,0,0,0,NULL,NULL,NULL,NULL),(4,'2023-08-04 01:40:04',1,'비즈니스 영어 스터디','비즈니스 상황에서 활용되는 영어 회화와 리딩을 연습하는 스터디입니다.',NULL,1,0,'1. 오프라인 모임은 2주에 한 번 진행합니다.\n2. 매일 온라인 그룹 채팅으로 대화를 합니다.','2023-08-15 00:00:00','2023-10-15 00:00:00','2023-08-07 00:00:00',10,4,0,0,0,0,0,NULL,NULL,NULL,NULL),(5,'2023-08-04 01:40:04',1,'데이터 분석 스터디','데이터 분석 기초와 데이터 시각화를 공부하는 스터디입니다.',NULL,1,0,'1. 매주 수요일 7시에 만납니다.\n2. 실제 데이터를 활용하여 프로젝트를 수행합니다.','2023-08-20 00:00:00','2023-10-20 00:00:00','2023-08-10 00:00:00',15,8,0,1,0,0,0,NULL,NULL,NULL,NULL),(6,'2023-08-04 01:40:04',1,'프론트엔드 개발 스터디','HTML, CSS, JavaScript를 활용한 웹 프론트엔드 개발을 공부하는 스터디입니다.',NULL,1,0,'1. 매주 월요일과 목요일 6시에 진행합니다.\n2. 서로의 코드를 리뷰하고 개선합니다.','2023-08-25 00:00:00','2023-10-25 00:00:00','2023-08-15 00:00:00',10,5,0,1,0,0,0,NULL,NULL,NULL,NULL),(7,'2023-08-04 01:40:04',1,'프로젝트 관리 스터디','프로젝트 관리 이론과 실전 경험을 나누고 토론하는 스터디입니다.',NULL,1,204,'1. 주로 온라인으로 진행합니다.\r\n2. 매주 화요일 9시에 회의를 진행합니다.','2023-09-05 00:00:00','2023-10-31 23:59:59','2023-08-25 23:59:59',8,4,4,0,3,5,1,NULL,NULL,NULL,''),(8,'2023-08-04 01:40:04',1,'파이썬 알고리즘 스터디','파이썬 언어로 알고리즘 문제를 풀고 토론하는 스터디입니다.',8,1,201,'1. 매주 토요일 3시에 오프라인 모임을 진행합니다.\n2. 알고리즘 사이트에서 문제를 선정합니다.','2023-09-05 00:00:00','2023-10-31 00:00:00','2023-08-25 00:00:00',10,5,0,0,4,6,1,NULL,NULL,1,'coverImage/pythonStudy.png'),(9,'2023-08-04 01:40:04',1,'프리랜서 비즈니스 스터디','프리랜서로 일하는 방법과 비즈니스 전략을 공부하는 스터디입니다.',NULL,1,1,'1. 온라인으로 진행되며, 매주 목요일 8시에 모입니다.\n2. 경험 공유와 사례 분석을 합니다.','2023-09-10 00:00:00','2023-10-31 00:00:00','2023-08-30 00:00:00',12,6,0,1,0,0,1,NULL,NULL,NULL,NULL),(10,'2023-08-04 01:40:04',1,'영화 감상 스터디','다양한 장르의 영화를 함께 감상하고 리뷰하는 스터디입니다.',NULL,1,384,'1. 오프라인으로 진행되며, 매주 수요일에 영화 상영관에서 모입니다.\n2. 후기를 작성하여 공유합니다.','2023-09-15 00:00:00','2023-11-15 00:00:00','2023-09-05 00:00:00',8,3,0,0,4,7,1,1,1,1,NULL),(11,'2023-08-07 02:42:04',1,'AI 기초 스터디','인공지능 기초 이론과 알고리즘을 공부하는 스터디입니다.',7,1,0,'1. 매주 화요일 8시에 모입니다.\n2. 각자 주제를 정해서 발표합니다.',NULL,NULL,NULL,0,0,0,1,0,0,0,1,1,1,NULL),(12,'2023-08-09 07:38:49',1,'AI 기초 스터디','인공지능 기초 이론과 알고리즘을 공부하는 스터디입니다.',1,35,0,'1. 매주 화요일 8시에 모입니다.\n2. 각자 주제를 정해서 발표합니다.',NULL,NULL,NULL,0,0,0,0,0,0,0,NULL,NULL,NULL,NULL),(13,'2023-08-09 07:40:27',1,'AI 기초 스터디','인공지능 기초 이론과 알고리즘을 공부하는 스터디입니다.',1,35,0,'1. 매주 화요일 8시에 모입니다.\n2. 각자 주제를 정해서 발표합니다.',NULL,NULL,NULL,0,0,0,0,0,0,0,NULL,NULL,NULL,NULL),(14,'2023-08-09 07:41:56',1,'AI 기초 스터디','인공지능 기초 이론과 알고리즘을 공부하는 스터디입니다.',1,35,0,'1. 매주 화요일 8시에 모입니다.\n2. 각자 주제를 정해서 발표합니다.',NULL,NULL,NULL,0,0,0,0,0,0,0,NULL,NULL,NULL,NULL),(15,'2023-08-09 07:51:54',1,'AI 기초 스터디','인공지능 기초 이론과 알고리즘을 공부하는 스터디입니다.',1,35,0,'1. 매주 화요일 8시에 모입니다.\n2. 각자 주제를 정해서 발표합니다.',NULL,NULL,NULL,0,0,0,0,0,0,0,NULL,NULL,NULL,NULL),(16,'2023-08-11 02:00:07',1,'AI 기초 스터디','인공지능 기초 이론과 알고리즘을 공부하는 스터디입니다.',1,35,0,'1. 매주 화요일 8시에 모입니다.\n2. 각자 주제를 정해서 발표합니다.',NULL,NULL,NULL,0,0,0,0,0,0,0,NULL,NULL,NULL,NULL),(17,'2023-08-11 03:14:30',1,'AI 기초 스터디','인공지능 기초 이론과 알고리즘을 공부하는 스터디입니다.',1,35,0,'1. 매주 화요일 8시에 모입니다.\n2. 각자 주제를 정해서 발표합니다.',NULL,NULL,NULL,0,0,0,0,0,0,0,NULL,NULL,NULL,NULL),(18,'2023-08-11 03:16:25',1,'AI 기초 스터디','인공지능 기초 이론과 알고리즘을 공부하는 스터디입니다.',1,35,1,'1. 매주 화요일 8시에 모입니다.\n2. 각자 주제를 정해서 발표합니다.',NULL,NULL,NULL,0,0,0,0,0,0,0,NULL,NULL,NULL,NULL),(19,'2023-08-11 03:56:11',1,'AI 기초 스터디','인공지능 기초 이론과 알고리즘을 공부하는 스터디입니다.',1,35,0,'1. 매주 화요일 8시에 모입니다.\n2. 각자 주제를 정해서 발표합니다.',NULL,NULL,NULL,0,0,0,0,0,0,0,NULL,NULL,NULL,NULL),(20,'2023-08-11 04:09:50',1,'AI 기초 스터디수정완료!!수정완료!!수정완료!!','인공지능 기초 이론과 알고리즘을 공부하는 스터디입니다.',1,35,65,'1. 매주 화요일 8시에 모입니다.\r\n2. 각자 주제를 정해서 발표합니다.',NULL,NULL,NULL,0,0,0,0,0,1,1,NULL,NULL,NULL,''),(21,'2023-08-11 04:31:38',1,'AI 기초 스터디','인공지능 기초 이론과 알고리즘을 공부하는 스터디입니다.',1,35,36,'1. 매주 화요일 8시에 모입니다.\r\n2. 각자 주제를 정해서 발표합니다.',NULL,NULL,NULL,0,0,0,0,0,0,1,NULL,NULL,NULL,'coverImage/logo192_1692148738523.png'),(22,'2023-08-11 08:23:33',1,'AI 기초 스터디','인공지능 기초 이론과 알고리즘을 공부하는 스터디입니다.',1,153,1,'1. 매주 화요일 8시에 모입니다.\n2. 각자 주제를 정해서 발표합니다.',NULL,NULL,NULL,0,0,0,0,0,0,0,NULL,NULL,NULL,NULL),(23,'2023-08-12 09:20:48',1,'AI 기초 스터디','인공지능 기초 이론과 알고리즘을 공부하는 스터디입니다.',1,35,22,'1. 매주 화요일 8시에 모입니다.\r\n2. 각자 주제를 정해서 발표합니다.','2023-08-16 00:00:00','2023-08-23 23:59:59','2023-08-17 23:59:59',0,0,0,0,0,0,1,NULL,NULL,10,'coverImage/Kirby_Inhale_1692150420516.png'),(24,'2023-08-12 09:25:49',1,'AI 기초 스터디','인공지능 기초 이론과 알고리즘을 공부하는 스터디입니다.',1,35,16,'1. 매주 화요일 8시에 모입니다.\r\n2. 각자 주제를 정해서 발표합니다.','2023-08-16 00:00:00','2023-08-12 09:25:49','2023-08-17 23:59:59',0,0,0,0,1,1,0,NULL,NULL,NULL,'coverImage/Kirby_Inhale_1692152781987.png'),(25,'2023-08-12 09:30:28',1,'AI 기초 스터디','인공지능 기초 이론과 알고리즘을 공부하는 스터디입니다.',1,35,1,'1. 매주 화요일 8시에 모입니다.\n2. 각자 주제를 정해서 발표합니다.',NULL,NULL,NULL,0,0,0,0,0,0,0,NULL,NULL,NULL,NULL),(26,'2023-08-12 09:36:55',1,'AI 기초 스터디','인공지능 기초 이론과 알고리즘을 공부하는 스터디입니다.',1,35,0,'1. 매주 화요일 8시에 모입니다.\n2. 각자 주제를 정해서 발표합니다.',NULL,NULL,NULL,0,0,0,0,0,0,0,NULL,NULL,NULL,NULL),(27,'2023-08-12 09:38:25',1,'AI 기초 스터디','인공지능 기초 이론과 알고리즘을 공부하는 스터디입니다.',1,35,8,'1. 매주 화요일 8시에 모입니다.\r\n2. 각자 주제를 정해서 발표합니다.','2023-08-16 00:00:00','2023-08-23 23:59:59','2023-08-17 23:59:59',0,0,0,0,0,0,1,NULL,NULL,9,'coverImage/Kirby_Inhale_1692157919818.png'),(28,'2023-08-12 09:38:55',1,'AI 기초 스터디','인공지능 기초 이론과 알고리즘을 공부하는 스터디입니다.',1,35,1,'1. 매주 화요일 8시에 모입니다.\n2. 각자 주제를 정해서 발표합니다.',NULL,NULL,NULL,0,0,0,0,0,0,0,NULL,NULL,NULL,NULL),(29,'2023-08-12 12:30:14',1,'AI 기초 스터디','인공지능 기초 이론과 알고리즘을 공부하는 스터디입니다.',1,35,1,'1. 매주 화요일 8시에 모입니다.\n2. 각자 주제를 정해서 발표합니다.',NULL,NULL,NULL,10,5,0,0,0,0,0,NULL,NULL,1,NULL),(30,'2023-08-14 00:48:16',1,'AI 기초 스터디','인공지능 기초 이론과 알고리즘을 공부하는 스터디입니다.',1,35,1,'1. 매주 화요일 8시에 모입니다.\n2. 각자 주제를 정해서 발표합니다.',NULL,NULL,NULL,10,5,0,0,0,0,0,NULL,NULL,1,NULL),(31,'2023-08-14 01:56:53',1,'AI 기초 스터디','인공지능 기초 이론과 알고리즘을 공부하는 스터디입니다.',1,180,33,'1. 매주 화요일 8시에 모입니다.\n2. 각자 주제를 정해서 발표합니다.',NULL,NULL,NULL,10,5,0,0,0,0,0,NULL,NULL,1,NULL),(32,'2023-08-14 03:05:32',1,'AI 기초 스터디','인공지능 기초 이론과 알고리즘을 공부하는 스터디입니다.',1,35,1,'1. 매주 화요일 8시에 모입니다.\n2. 각자 주제를 정해서 발표합니다.',NULL,NULL,NULL,10,5,0,0,0,0,0,NULL,NULL,1,NULL),(33,'2023-08-15 15:11:58',1,'스터디 테스트','테스트용 스터디',8,172,223,'1. 2. 3.4.',NULL,NULL,NULL,8,4,3,0,2,2,1,0,0,1,NULL),(34,'2023-08-16 04:00:51',1,'AI 기초 스터디','인공지능 기초 이론과 알고리즘을 공부하는 스터디입니다.',1,35,1,'1. 매주 화요일 8시에 모입니다.\n2. 각자 주제를 정해서 발표합니다.',NULL,NULL,NULL,10,5,0,0,0,0,0,NULL,NULL,1,NULL),(35,'2023-08-16 04:02:58',1,'AI 기초 스터디','인공지능 기초 이론과 알고리즘을 공부하는 스터디입니다.',1,35,1,'1. 매주 화요일 8시에 모입니다.\n2. 각자 주제를 정해서 발표합니다.',NULL,NULL,NULL,10,5,0,0,0,0,0,NULL,NULL,1,NULL),(36,'2023-08-16 04:03:55',1,'AI 기초 스터디','인공지능 기초 이론과 알고리즘을 공부하는 스터디입니다.',1,35,1,'1. 매주 화요일 8시에 모입니다.\n2. 각자 주제를 정해서 발표합니다.',NULL,NULL,NULL,10,5,0,0,0,0,0,NULL,NULL,1,NULL),(37,'2023-08-16 04:04:30',1,'AI 기초 스터디','인공지능 기초 이론과 알고리즘을 공부하는 스터디입니다.',1,35,3,'1. 매주 화요일 8시에 모입니다.\n2. 각자 주제를 정해서 발표합니다.',NULL,NULL,NULL,10,5,0,0,0,0,0,NULL,NULL,1,NULL),(38,'2023-08-16 05:20:47',1,'AI 기초 스터디','인공지능 기초 이론과 알고리즘을 공부하는 스터디입니다.',1,180,0,'1. 매주 화요일 8시에 모입니다.\n2. 각자 주제를 정해서 발표합니다.',NULL,NULL,NULL,10,5,0,0,0,0,0,NULL,NULL,1,NULL),(39,'2023-08-16 05:20:48',1,'AI 기초 스터디','인공지능 기초 이론과 알고리즘을 공부하는 스터디입니다.',1,180,2,'1. 매주 화요일 8시에 모입니다.\n2. 각자 주제를 정해서 발표합니다.',NULL,NULL,NULL,10,5,0,0,0,0,0,NULL,NULL,1,NULL);
/*!40000 ALTER TABLE `study` ENABLE KEYS */;
UNLOCK TABLES;

--
-- Table structure for table `study_eval`
--

DROP TABLE IF EXISTS `study_eval`;
/*!40101 SET @saved_cs_client     = @@character_set_client */;
/*!40101 SET character_set_client = utf8 */;
CREATE TABLE `study_eval` (
  `id` bigint(20) NOT NULL AUTO_INCREMENT,
  `created_at` datetime NOT NULL DEFAULT current_timestamp(),
  `is_valid` tinyint(4) NOT NULL DEFAULT 1,
  `user_id` int(11) NOT NULL,
  `study_id` int(11) NOT NULL,
  `comment` varchar(128) DEFAULT NULL,
  `score` int(11) DEFAULT NULL,
  PRIMARY KEY (`id`)
) ENGINE=InnoDB AUTO_INCREMENT=5 DEFAULT CHARSET=utf8;
/*!40101 SET character_set_client = @saved_cs_client */;

--
-- Dumping data for table `study_eval`
--

LOCK TABLES `study_eval` WRITE;
/*!40000 ALTER TABLE `study_eval` DISABLE KEYS */;
INSERT INTO `study_eval` VALUES (1,'2023-08-16 01:59:37',1,153,21,'정말 좋아요!',5),(2,'2023-08-16 02:08:57',1,153,8,'이 알고 스터디에서 공부를 하고 B형을 취득했어요!',5),(3,'2023-08-16 02:10:36',1,153,20,'완전 좋았어요!',5),(4,'2023-08-16 02:17:24',1,153,33,'정말 좋았어요!',5);
/*!40000 ALTER TABLE `study_eval` ENABLE KEYS */;
UNLOCK TABLES;

--
-- Table structure for table `study_like`
--

DROP TABLE IF EXISTS `study_like`;
/*!40101 SET @saved_cs_client     = @@character_set_client */;
/*!40101 SET character_set_client = utf8 */;
CREATE TABLE `study_like` (
  `id` bigint(20) NOT NULL AUTO_INCREMENT,
  `created_at` datetime NOT NULL DEFAULT current_timestamp(),
  `is_valid` tinyint(4) NOT NULL DEFAULT 1,
  `user_id` int(11) NOT NULL,
  `study_id` int(11) NOT NULL,
  PRIMARY KEY (`id`)
) ENGINE=InnoDB AUTO_INCREMENT=46 DEFAULT CHARSET=utf8;
/*!40101 SET character_set_client = @saved_cs_client */;

--
-- Dumping data for table `study_like`
--

LOCK TABLES `study_like` WRITE;
/*!40000 ALTER TABLE `study_like` DISABLE KEYS */;
INSERT INTO `study_like` VALUES (1,'2023-08-11 03:07:19',1,153,1),(2,'2023-08-11 03:21:38',0,153,7),(3,'2023-08-11 03:30:58',0,35,8),(4,'2023-08-11 04:07:54',1,35,10),(5,'2023-08-11 04:09:57',1,35,2),(6,'2023-08-11 04:11:59',0,35,7),(7,'2023-08-11 04:44:00',1,153,8),(8,'2023-08-11 04:46:06',1,187,7),(9,'2023-08-11 04:47:15',1,187,10),(10,'2023-08-11 05:11:24',1,187,2),(11,'2023-08-11 07:30:12',1,187,8),(12,'2023-08-11 07:35:25',0,153,2),(13,'2023-08-11 08:01:19',0,153,7),(14,'2023-08-11 08:01:28',1,153,7),(15,'2023-08-11 08:20:57',0,153,2),(16,'2023-08-11 08:23:53',0,153,10),(17,'2023-08-14 04:56:09',0,180,7),(18,'2023-08-14 04:56:17',0,180,7),(19,'2023-08-14 04:56:46',0,180,7),(20,'2023-08-14 04:57:00',0,180,10),(21,'2023-08-14 04:59:16',0,180,10),(22,'2023-08-14 05:00:22',0,180,8),(23,'2023-08-14 05:01:44',1,153,10),(24,'2023-08-14 06:00:29',1,180,8),(25,'2023-08-14 07:06:53',0,180,1),(26,'2023-08-14 07:07:16',1,180,10),(27,'2023-08-14 07:08:36',0,186,7),(28,'2023-08-14 07:09:53',0,186,7),(29,'2023-08-14 07:10:12',0,186,7),(30,'2023-08-14 07:10:15',1,35,24),(31,'2023-08-14 07:45:23',0,180,7),(32,'2023-08-14 07:49:57',0,192,10),(33,'2023-08-14 08:31:53',0,194,8),(34,'2023-08-14 10:33:23',0,35,7),(35,'2023-08-16 00:18:48',1,180,33),(36,'2023-08-16 01:35:13',0,172,10),(37,'2023-08-16 01:39:11',0,172,33),(38,'2023-08-16 01:39:32',0,172,10),(39,'2023-08-16 01:44:10',0,172,33),(40,'2023-08-16 01:44:13',0,172,33),(41,'2023-08-16 03:07:46',1,153,33),(42,'2023-08-16 05:28:10',0,180,1),(43,'2023-08-16 05:28:19',1,180,1),(44,'2023-08-16 06:07:56',1,35,7),(45,'2023-08-16 06:16:22',1,35,8);
/*!40000 ALTER TABLE `study_like` ENABLE KEYS */;
UNLOCK TABLES;

--
-- Table structure for table `study_material`
--

DROP TABLE IF EXISTS `study_material`;
/*!40101 SET @saved_cs_client     = @@character_set_client */;
/*!40101 SET character_set_client = utf8 */;
CREATE TABLE `study_material` (
  `id` bigint(20) NOT NULL AUTO_INCREMENT,
  `created_at` datetime NOT NULL DEFAULT current_timestamp(),
  `is_valid` tinyint(4) NOT NULL DEFAULT 1,
  `study_id` int(11) NOT NULL,
  `session_id` int(11) DEFAULT NULL,
  `type` int(11) NOT NULL,
  `content` varchar(1024) DEFAULT NULL,
  `file_url` varchar(100) DEFAULT NULL,
  PRIMARY KEY (`id`)
) ENGINE=InnoDB AUTO_INCREMENT=129 DEFAULT CHARSET=utf8;
/*!40101 SET character_set_client = @saved_cs_client */;

--
-- Dumping data for table `study_material`
--

LOCK TABLES `study_material` WRITE;
/*!40000 ALTER TABLE `study_material` DISABLE KEYS */;
INSERT INTO `study_material` VALUES (1,'2023-08-14 02:24:37',1,1,1,0,NULL,NULL),(2,'2023-08-14 03:05:32',1,32,1,0,NULL,NULL),(3,'2023-08-16 04:00:51',1,34,1,0,NULL,NULL),(4,'2023-08-16 04:00:51',1,34,1,0,NULL,NULL),(5,'2023-08-16 04:02:58',1,35,1,0,NULL,NULL),(6,'2023-08-16 04:02:58',1,35,1,0,NULL,NULL),(7,'2023-08-16 04:02:58',1,35,1,0,NULL,NULL),(8,'2023-08-16 04:02:58',1,35,1,0,NULL,NULL),(9,'2023-08-16 04:03:55',1,36,1,0,NULL,NULL),(10,'2023-08-16 04:03:55',1,36,1,0,NULL,NULL),(11,'2023-08-16 04:03:55',1,36,1,0,NULL,NULL),(12,'2023-08-16 04:03:55',1,36,1,0,NULL,NULL),(13,'2023-08-16 04:03:55',1,36,1,0,NULL,NULL),(14,'2023-08-16 04:03:55',1,36,1,0,NULL,NULL),(15,'2023-08-16 04:03:55',1,36,1,0,NULL,NULL),(16,'2023-08-16 04:03:55',1,36,1,0,NULL,NULL),(17,'2023-08-16 04:04:30',1,37,1,0,NULL,NULL),(18,'2023-08-16 04:04:30',1,37,1,0,NULL,NULL),(19,'2023-08-16 04:04:30',1,37,1,0,NULL,NULL),(20,'2023-08-16 04:04:30',1,37,1,0,NULL,NULL),(21,'2023-08-16 04:04:30',1,37,1,0,NULL,NULL),(22,'2023-08-16 04:04:30',1,37,1,0,NULL,NULL),(23,'2023-08-16 04:04:30',1,37,1,0,NULL,NULL),(24,'2023-08-16 04:04:30',1,37,1,0,NULL,NULL),(25,'2023-08-16 04:04:30',1,37,1,0,NULL,NULL),(26,'2023-08-16 04:04:30',1,37,1,0,NULL,NULL),(27,'2023-08-16 04:04:30',1,37,1,0,NULL,NULL),(28,'2023-08-16 04:04:30',1,37,1,0,NULL,NULL),(29,'2023-08-16 04:04:30',1,37,1,0,NULL,NULL),(30,'2023-08-16 04:04:30',1,37,1,0,NULL,NULL),(31,'2023-08-16 04:04:30',1,37,1,0,NULL,NULL),(32,'2023-08-16 04:04:30',1,37,1,0,NULL,NULL),(33,'2023-08-16 05:20:47',1,38,1,0,NULL,NULL),(34,'2023-08-16 05:20:47',1,38,1,0,NULL,NULL),(35,'2023-08-16 05:20:47',1,38,1,0,NULL,NULL),(36,'2023-08-16 05:20:47',1,38,1,0,NULL,NULL),(37,'2023-08-16 05:20:47',1,38,1,0,NULL,NULL),(38,'2023-08-16 05:20:47',1,38,1,0,NULL,NULL),(39,'2023-08-16 05:20:47',1,38,1,0,NULL,NULL),(40,'2023-08-16 05:20:47',1,38,1,0,NULL,NULL),(41,'2023-08-16 05:20:47',1,38,1,0,NULL,NULL),(42,'2023-08-16 05:20:47',1,38,1,0,NULL,NULL),(43,'2023-08-16 05:20:47',1,38,1,0,NULL,NULL),(44,'2023-08-16 05:20:47',1,38,1,0,NULL,NULL),(45,'2023-08-16 05:20:47',1,38,1,0,NULL,NULL),(46,'2023-08-16 05:20:47',1,38,1,0,NULL,NULL),(47,'2023-08-16 05:20:47',1,38,1,0,NULL,NULL),(48,'2023-08-16 05:20:47',1,38,1,0,NULL,NULL),(49,'2023-08-16 05:20:47',1,38,1,0,NULL,NULL),(50,'2023-08-16 05:20:47',1,38,1,0,NULL,NULL),(51,'2023-08-16 05:20:47',1,38,1,0,NULL,NULL),(52,'2023-08-16 05:20:47',1,38,1,0,NULL,NULL),(53,'2023-08-16 05:20:47',1,38,1,0,NULL,NULL),(54,'2023-08-16 05:20:47',1,38,1,0,NULL,NULL),(55,'2023-08-16 05:20:47',1,38,1,0,NULL,NULL),(56,'2023-08-16 05:20:47',1,38,1,0,NULL,NULL),(57,'2023-08-16 05:20:47',1,38,1,0,NULL,NULL),(58,'2023-08-16 05:20:47',1,38,1,0,NULL,NULL),(59,'2023-08-16 05:20:47',1,38,1,0,NULL,NULL),(60,'2023-08-16 05:20:47',1,38,1,0,NULL,NULL),(61,'2023-08-16 05:20:47',1,38,1,0,NULL,NULL),(62,'2023-08-16 05:20:47',1,38,1,0,NULL,NULL),(63,'2023-08-16 05:20:47',1,38,1,0,NULL,NULL),(64,'2023-08-16 05:20:47',1,38,1,0,NULL,NULL),(65,'2023-08-16 05:20:48',1,39,1,0,NULL,NULL),(66,'2023-08-16 05:20:48',1,39,1,0,NULL,NULL),(67,'2023-08-16 05:20:48',1,39,1,0,NULL,NULL),(68,'2023-08-16 05:20:48',1,39,1,0,NULL,NULL),(69,'2023-08-16 05:20:48',1,39,1,0,NULL,NULL),(70,'2023-08-16 05:20:48',1,39,1,0,NULL,NULL),(71,'2023-08-16 05:20:48',1,39,1,0,NULL,NULL),(72,'2023-08-16 05:20:48',1,39,1,0,NULL,NULL),(73,'2023-08-16 05:20:48',1,39,1,0,NULL,NULL),(74,'2023-08-16 05:20:48',1,39,1,0,NULL,NULL),(75,'2023-08-16 05:20:48',1,39,1,0,NULL,NULL),(76,'2023-08-16 05:20:48',1,39,1,0,NULL,NULL),(77,'2023-08-16 05:20:48',1,39,1,0,NULL,NULL),(78,'2023-08-16 05:20:48',1,39,1,0,NULL,NULL),(79,'2023-08-16 05:20:48',1,39,1,0,NULL,NULL),(80,'2023-08-16 05:20:48',1,39,1,0,NULL,NULL),(81,'2023-08-16 05:20:48',1,39,1,0,NULL,NULL),(82,'2023-08-16 05:20:48',1,39,1,0,NULL,NULL),(83,'2023-08-16 05:20:48',1,39,1,0,NULL,NULL),(84,'2023-08-16 05:20:48',1,39,1,0,NULL,NULL),(85,'2023-08-16 05:20:48',1,39,1,0,NULL,NULL),(86,'2023-08-16 05:20:48',1,39,1,0,NULL,NULL),(87,'2023-08-16 05:20:48',1,39,1,0,NULL,NULL),(88,'2023-08-16 05:20:48',1,39,1,0,NULL,NULL),(89,'2023-08-16 05:20:48',1,39,1,0,NULL,NULL),(90,'2023-08-16 05:20:48',1,39,1,0,NULL,NULL),(91,'2023-08-16 05:20:48',1,39,1,0,NULL,NULL),(92,'2023-08-16 05:20:48',1,39,1,0,NULL,NULL),(93,'2023-08-16 05:20:48',1,39,1,0,NULL,NULL),(94,'2023-08-16 05:20:48',1,39,1,0,NULL,NULL),(95,'2023-08-16 05:20:48',1,39,1,0,NULL,NULL),(96,'2023-08-16 05:20:48',1,39,1,0,NULL,NULL),(97,'2023-08-16 05:20:48',1,39,1,0,NULL,NULL),(98,'2023-08-16 05:20:48',1,39,1,0,NULL,NULL),(99,'2023-08-16 05:20:48',1,39,1,0,NULL,NULL),(100,'2023-08-16 05:20:48',1,39,1,0,NULL,NULL),(101,'2023-08-16 05:20:48',1,39,1,0,NULL,NULL),(102,'2023-08-16 05:20:48',1,39,1,0,NULL,NULL),(103,'2023-08-16 05:20:48',1,39,1,0,NULL,NULL),(104,'2023-08-16 05:20:48',1,39,1,0,NULL,NULL),(105,'2023-08-16 05:20:48',1,39,1,0,NULL,NULL),(106,'2023-08-16 05:20:48',1,39,1,0,NULL,NULL),(107,'2023-08-16 05:20:48',1,39,1,0,NULL,NULL),(108,'2023-08-16 05:20:48',1,39,1,0,NULL,NULL),(109,'2023-08-16 05:20:48',1,39,1,0,NULL,NULL),(110,'2023-08-16 05:20:48',1,39,1,0,NULL,NULL),(111,'2023-08-16 05:20:48',1,39,1,0,NULL,NULL),(112,'2023-08-16 05:20:48',1,39,1,0,NULL,NULL),(113,'2023-08-16 05:20:48',1,39,1,0,NULL,NULL),(114,'2023-08-16 05:20:48',1,39,1,0,NULL,NULL),(115,'2023-08-16 05:20:48',1,39,1,0,NULL,NULL),(116,'2023-08-16 05:20:48',1,39,1,0,NULL,NULL),(117,'2023-08-16 05:20:48',1,39,1,0,NULL,NULL),(118,'2023-08-16 05:20:48',1,39,1,0,NULL,NULL),(119,'2023-08-16 05:20:48',1,39,1,0,NULL,NULL),(120,'2023-08-16 05:20:48',1,39,1,0,NULL,NULL),(121,'2023-08-16 05:20:48',1,39,1,0,NULL,NULL),(122,'2023-08-16 05:20:48',1,39,1,0,NULL,NULL),(123,'2023-08-16 05:20:48',1,39,1,0,NULL,NULL),(124,'2023-08-16 05:20:48',1,39,1,0,NULL,NULL),(125,'2023-08-16 05:20:48',1,39,1,0,NULL,NULL),(126,'2023-08-16 05:20:48',1,39,1,0,NULL,NULL),(127,'2023-08-16 05:20:48',1,39,1,0,NULL,NULL),(128,'2023-08-16 05:20:48',1,39,1,0,NULL,NULL);
/*!40000 ALTER TABLE `study_material` ENABLE KEYS */;
UNLOCK TABLES;

--
-- Table structure for table `study_notice`
--

DROP TABLE IF EXISTS `study_notice`;
/*!40101 SET @saved_cs_client     = @@character_set_client */;
/*!40101 SET character_set_client = utf8 */;
CREATE TABLE `study_notice` (
  `id` bigint(20) NOT NULL AUTO_INCREMENT,
  `created_at` datetime NOT NULL DEFAULT current_timestamp(),
  `is_valid` tinyint(4) NOT NULL DEFAULT 1,
  `study_id` int(11) NOT NULL,
  `content` varchar(1024) NOT NULL,
  PRIMARY KEY (`id`)
) ENGINE=InnoDB AUTO_INCREMENT=15 DEFAULT CHARSET=utf8;
/*!40101 SET character_set_client = @saved_cs_client */;

--
-- Dumping data for table `study_notice`
--

LOCK TABLES `study_notice` WRITE;
/*!40000 ALTER TABLE `study_notice` DISABLE KEYS */;
INSERT INTO `study_notice` VALUES (1,'2023-08-14 07:43:07',1,7,'hello'),(2,'2023-08-14 08:08:22',1,7,'Hi'),(3,'2023-08-14 08:09:45',1,7,'내일부터 시작합니다.'),(4,'2023-08-14 08:09:54',1,7,'개오졌다'),(5,'2023-08-14 08:12:09',1,7,'내일까지 자료조사 완료해주세요'),(6,'2023-08-14 08:13:50',1,7,'동글동글'),(7,'2023-08-14 08:14:03',1,7,'오늘 저녁 뭐먹지'),(8,'2023-08-14 08:17:39',1,10,'스터디 시작 전 까지 위대한 개츠비 감상하기'),(9,'2023-08-14 08:21:48',1,8,'모두를 위한 파이썬 예습'),(10,'2023-08-16 01:45:18',1,21,'인프런에 강의 살건데 톡방에 투표점여~'),(11,'2023-08-16 03:19:50',1,31,'스터디공지입니다'),(12,'2023-08-16 03:22:28',1,31,'ㅁㅁㅁㅁㅁㅁㅁㅁㅁㅁ'),(13,'2023-08-16 03:22:37',1,31,'123123'),(14,'2023-08-16 05:21:01',1,39,'rhdwltkgkd');
/*!40000 ALTER TABLE `study_notice` ENABLE KEYS */;
UNLOCK TABLES;

--
-- Table structure for table `study_notice_check`
--

DROP TABLE IF EXISTS `study_notice_check`;
/*!40101 SET @saved_cs_client     = @@character_set_client */;
/*!40101 SET character_set_client = utf8 */;
CREATE TABLE `study_notice_check` (
  `id` bigint(20) NOT NULL AUTO_INCREMENT,
  `created_at` datetime NOT NULL DEFAULT current_timestamp(),
  `is_valid` tinyint(4) NOT NULL DEFAULT 1,
  `user_id` int(11) NOT NULL,
  `study_notice_id` int(11) NOT NULL,
  PRIMARY KEY (`id`)
) ENGINE=InnoDB DEFAULT CHARSET=utf8;
/*!40101 SET character_set_client = @saved_cs_client */;

--
-- Dumping data for table `study_notice_check`
--

LOCK TABLES `study_notice_check` WRITE;
/*!40000 ALTER TABLE `study_notice_check` DISABLE KEYS */;
/*!40000 ALTER TABLE `study_notice_check` ENABLE KEYS */;
UNLOCK TABLES;

--
-- Table structure for table `study_tag`
--

DROP TABLE IF EXISTS `study_tag`;
/*!40101 SET @saved_cs_client     = @@character_set_client */;
/*!40101 SET character_set_client = utf8 */;
CREATE TABLE `study_tag` (
  `id` bigint(20) NOT NULL AUTO_INCREMENT,
  `created_at` datetime NOT NULL DEFAULT current_timestamp(),
  `is_valid` tinyint(4) NOT NULL DEFAULT 1,
  `study_id` int(11) NOT NULL,
  `tag_id` int(11) NOT NULL,
  PRIMARY KEY (`id`)
) ENGINE=InnoDB AUTO_INCREMENT=153 DEFAULT CHARSET=utf8;
/*!40101 SET character_set_client = @saved_cs_client */;

--
-- Dumping data for table `study_tag`
--

LOCK TABLES `study_tag` WRITE;
/*!40000 ALTER TABLE `study_tag` DISABLE KEYS */;
INSERT INTO `study_tag` VALUES (1,'2023-08-07 00:38:45',1,1,1),(2,'2023-08-07 00:38:45',1,1,2),(3,'2023-08-07 00:38:45',1,1,3),(4,'2023-08-07 00:38:45',1,1,4),(5,'2023-08-07 00:40:23',1,2,1),(6,'2023-08-07 00:40:23',1,2,2),(7,'2023-08-07 00:40:23',1,2,3),(8,'2023-08-07 00:40:23',1,2,4),(9,'2023-08-07 02:42:04',1,11,2),(10,'2023-08-07 02:42:04',1,11,4),(11,'2023-08-07 02:42:04',1,11,1),(12,'2023-08-07 02:42:04',1,11,3),(13,'2023-08-07 02:55:05',0,1,5),(14,'2023-08-09 07:38:49',1,12,2),(15,'2023-08-09 07:38:49',1,12,5),(16,'2023-08-09 07:38:49',1,12,3),(17,'2023-08-09 07:38:49',1,12,1),(18,'2023-08-09 07:38:49',1,12,4),(19,'2023-08-09 07:40:27',1,13,2),(20,'2023-08-09 07:40:27',1,13,3),(21,'2023-08-09 07:40:27',1,13,5),(22,'2023-08-09 07:40:27',1,13,1),(23,'2023-08-09 07:40:27',1,13,4),(24,'2023-08-09 07:41:56',1,14,4),(25,'2023-08-09 07:41:56',1,14,2),(26,'2023-08-09 07:41:56',1,14,1),(27,'2023-08-09 07:41:56',1,14,3),(28,'2023-08-09 07:41:56',1,14,5),(29,'2023-08-09 07:51:54',1,15,3),(30,'2023-08-09 07:51:54',1,15,4),(31,'2023-08-09 07:51:54',1,15,1),(32,'2023-08-09 07:51:54',1,15,5),(33,'2023-08-09 07:51:54',1,15,2),(34,'2023-08-11 02:00:07',1,16,2),(35,'2023-08-11 02:00:07',1,16,1),(36,'2023-08-11 02:00:07',1,16,4),(37,'2023-08-11 02:00:07',1,16,5),(38,'2023-08-11 02:00:07',1,16,3),(39,'2023-08-11 03:14:30',1,17,1),(40,'2023-08-11 03:14:30',1,17,4),(41,'2023-08-11 03:14:30',1,17,5),(42,'2023-08-11 03:14:30',1,17,3),(43,'2023-08-11 03:14:30',1,17,2),(44,'2023-08-11 03:16:26',1,18,1),(45,'2023-08-11 03:16:26',1,18,3),(46,'2023-08-11 03:16:26',1,18,5),(47,'2023-08-11 03:16:26',1,18,2),(48,'2023-08-11 03:16:26',1,18,4),(49,'2023-08-11 03:56:11',1,19,2),(50,'2023-08-11 03:56:11',1,19,1),(51,'2023-08-11 03:56:11',1,19,5),(52,'2023-08-11 03:56:11',1,19,3),(53,'2023-08-11 03:56:11',1,19,4),(54,'2023-08-11 04:09:50',1,20,5),(55,'2023-08-11 04:09:50',1,20,3),(56,'2023-08-11 04:09:50',1,20,2),(57,'2023-08-11 04:09:50',1,20,1),(58,'2023-08-11 04:09:50',1,20,4),(59,'2023-08-11 04:31:38',1,21,5),(60,'2023-08-11 04:31:38',1,21,4),(61,'2023-08-11 04:31:38',1,21,1),(62,'2023-08-11 04:31:38',1,21,2),(63,'2023-08-11 04:31:38',1,21,3),(64,'2023-08-11 08:23:33',1,22,1),(65,'2023-08-11 08:23:33',1,22,5),(66,'2023-08-11 08:23:33',1,22,2),(67,'2023-08-11 08:23:33',1,22,3),(68,'2023-08-11 08:23:33',1,22,4),(69,'2023-08-12 09:20:48',1,23,1),(70,'2023-08-12 09:20:48',1,23,3),(71,'2023-08-12 09:20:48',1,23,5),(72,'2023-08-12 09:20:48',1,23,2),(73,'2023-08-12 09:20:48',1,23,4),(74,'2023-08-12 09:25:49',1,24,2),(75,'2023-08-12 09:25:49',1,24,1),(76,'2023-08-12 09:25:49',1,24,3),(77,'2023-08-12 09:25:49',1,24,5),(78,'2023-08-12 09:25:49',1,24,4),(79,'2023-08-12 09:30:28',1,25,3),(80,'2023-08-12 09:30:28',1,25,1),(81,'2023-08-12 09:30:28',1,25,4),(82,'2023-08-12 09:30:28',1,25,5),(83,'2023-08-12 09:30:28',1,25,2),(84,'2023-08-12 09:36:55',1,26,1),(85,'2023-08-12 09:36:55',1,26,2),(86,'2023-08-12 09:36:55',1,26,4),(87,'2023-08-12 09:36:55',1,26,3),(88,'2023-08-12 09:36:55',1,26,5),(89,'2023-08-12 09:38:25',1,27,3),(90,'2023-08-12 09:38:25',1,27,4),(91,'2023-08-12 09:38:25',1,27,1),(92,'2023-08-12 09:38:25',1,27,2),(93,'2023-08-12 09:38:25',1,27,5),(94,'2023-08-12 09:38:55',1,28,4),(95,'2023-08-12 09:38:55',1,28,1),(96,'2023-08-12 09:38:55',1,28,3),(97,'2023-08-12 09:38:55',1,28,5),(98,'2023-08-12 09:38:55',1,28,2),(99,'2023-08-12 12:30:14',1,29,2),(100,'2023-08-12 12:30:14',1,29,3),(101,'2023-08-12 12:30:14',1,29,5),(102,'2023-08-12 12:30:14',1,29,4),(103,'2023-08-12 12:30:14',1,29,1),(104,'2023-08-14 00:48:16',1,30,1),(105,'2023-08-14 00:48:16',1,30,4),(106,'2023-08-14 00:48:16',1,30,2),(107,'2023-08-14 00:48:16',1,30,5),(108,'2023-08-14 00:48:16',1,30,3),(109,'2023-08-14 01:56:53',1,31,2),(110,'2023-08-14 01:56:53',1,31,3),(111,'2023-08-14 01:56:53',1,31,1),(112,'2023-08-14 01:56:53',1,31,5),(113,'2023-08-14 01:56:53',1,31,4),(114,'2023-08-14 03:05:32',1,32,1),(115,'2023-08-14 03:05:32',1,32,5),(116,'2023-08-14 03:05:32',1,32,2),(117,'2023-08-14 03:05:32',1,32,3),(118,'2023-08-14 03:05:32',1,32,4),(119,'2023-08-15 15:13:01',1,33,1),(120,'2023-08-15 15:13:01',1,33,2),(121,'2023-08-15 15:13:01',1,33,4),(122,'2023-08-15 15:13:01',1,33,5),(123,'2023-08-16 04:00:51',1,34,2),(124,'2023-08-16 04:00:51',1,34,5),(125,'2023-08-16 04:00:51',1,34,4),(126,'2023-08-16 04:00:51',1,34,1),(127,'2023-08-16 04:00:51',1,34,3),(128,'2023-08-16 04:02:58',1,35,5),(129,'2023-08-16 04:02:58',1,35,3),(130,'2023-08-16 04:02:58',1,35,4),(131,'2023-08-16 04:02:58',1,35,2),(132,'2023-08-16 04:02:58',1,35,1),(133,'2023-08-16 04:03:55',1,36,4),(134,'2023-08-16 04:03:55',1,36,2),(135,'2023-08-16 04:03:55',1,36,3),(136,'2023-08-16 04:03:55',1,36,1),(137,'2023-08-16 04:03:55',1,36,5),(138,'2023-08-16 04:04:30',1,37,2),(139,'2023-08-16 04:04:30',1,37,3),(140,'2023-08-16 04:04:30',1,37,1),(141,'2023-08-16 04:04:30',1,37,4),(142,'2023-08-16 04:04:30',1,37,5),(143,'2023-08-16 05:20:47',1,38,4),(144,'2023-08-16 05:20:47',1,38,1),(145,'2023-08-16 05:20:47',1,38,5),(146,'2023-08-16 05:20:47',1,38,2),(147,'2023-08-16 05:20:47',1,38,3),(148,'2023-08-16 05:20:48',1,39,5),(149,'2023-08-16 05:20:48',1,39,1),(150,'2023-08-16 05:20:48',1,39,2),(151,'2023-08-16 05:20:48',1,39,3),(152,'2023-08-16 05:20:48',1,39,4);
/*!40000 ALTER TABLE `study_tag` ENABLE KEYS */;
UNLOCK TABLES;

--
-- Table structure for table `study_time`
--

DROP TABLE IF EXISTS `study_time`;
/*!40101 SET @saved_cs_client     = @@character_set_client */;
/*!40101 SET character_set_client = utf8 */;
CREATE TABLE `study_time` (
  `id` bigint(20) NOT NULL AUTO_INCREMENT,
  `created_at` datetime NOT NULL DEFAULT current_timestamp(),
  `is_valid` tinyint(4) NOT NULL,
  `study_id` int(11) NOT NULL,
  `study_date` datetime NOT NULL,
  `duration` int(11) DEFAULT NULL,
  `type` int(11) NOT NULL,
  PRIMARY KEY (`id`)
) ENGINE=InnoDB DEFAULT CHARSET=utf8;
/*!40101 SET character_set_client = @saved_cs_client */;

--
-- Dumping data for table `study_time`
--

LOCK TABLES `study_time` WRITE;
/*!40000 ALTER TABLE `study_time` DISABLE KEYS */;
/*!40000 ALTER TABLE `study_time` ENABLE KEYS */;
UNLOCK TABLES;

--
-- Table structure for table `tag`
--

DROP TABLE IF EXISTS `tag`;
/*!40101 SET @saved_cs_client     = @@character_set_client */;
/*!40101 SET character_set_client = utf8 */;
CREATE TABLE `tag` (
  `id` bigint(20) NOT NULL AUTO_INCREMENT,
  `created_at` datetime NOT NULL DEFAULT current_timestamp(),
  `is_valid` tinyint(4) NOT NULL DEFAULT 1,
  `keyword` varchar(45) COLLATE utf8mb4_bin NOT NULL,
  PRIMARY KEY (`id`)
) ENGINE=InnoDB AUTO_INCREMENT=11 DEFAULT CHARSET=utf8mb4 COLLATE=utf8mb4_bin;
/*!40101 SET character_set_client = @saved_cs_client */;

--
-- Dumping data for table `tag`
--

LOCK TABLES `tag` WRITE;
/*!40000 ALTER TABLE `tag` DISABLE KEYS */;
INSERT INTO `tag` VALUES (1,'2023-08-01 02:55:14',1,'개발'),(2,'2023-08-01 02:55:14',1,'공무원'),(3,'2023-08-01 02:55:14',1,'자격증'),(4,'2023-08-01 02:55:14',1,'알고리즘'),(5,'2023-08-01 02:55:14',1,'인적성'),(6,'2023-08-01 02:55:14',1,'외국어'),(7,'2023-08-01 02:55:14',1,'CS'),(8,'2023-08-01 02:55:14',1,'수능'),(9,'2023-08-01 02:55:14',1,'면접'),(10,'2023-08-01 02:55:14',1,'영어회화 / 영어');
/*!40000 ALTER TABLE `tag` ENABLE KEYS */;
UNLOCK TABLES;

--
-- Table structure for table `user`
--

DROP TABLE IF EXISTS `user`;
/*!40101 SET @saved_cs_client     = @@character_set_client */;
/*!40101 SET character_set_client = utf8 */;
CREATE TABLE `user` (
  `id` bigint(20) NOT NULL AUTO_INCREMENT,
  `created_at` datetime NOT NULL DEFAULT current_timestamp(),
  `is_valid` tinyint(4) NOT NULL DEFAULT 1,
  `password` varchar(1024) NOT NULL,
  `name` varchar(45) DEFAULT NULL,
  `email` varchar(45) NOT NULL,
  `nickname` varchar(45) NOT NULL,
  `profile_img_url` varchar(128) DEFAULT NULL,
  `age` int(11) DEFAULT NULL,
  `sido_id` int(11) DEFAULT NULL,
  `gugun_id` int(11) DEFAULT NULL,
  `phone_number` varchar(45) DEFAULT NULL,
  `description` varchar(1024) DEFAULT NULL,
  `token` varchar(1024) DEFAULT NULL,
  `provider_id` varchar(255) DEFAULT NULL,
  PRIMARY KEY (`id`),
  UNIQUE KEY `email_UNIQUE` (`email`),
  UNIQUE KEY `nickname_UNIQUE` (`nickname`)
) ENGINE=InnoDB AUTO_INCREMENT=196 DEFAULT CHARSET=utf8;
/*!40101 SET character_set_client = @saved_cs_client */;

--
-- Dumping data for table `user`
--

LOCK TABLES `user` WRITE;
/*!40000 ALTER TABLE `user` DISABLE KEYS */;
INSERT INTO `user` VALUES (1,'2023-08-02 05:12:08',1,'$2a$10$V6Yo5l7T4O4/hmh1BYaGQOtY0QrViRpWIGkOello7IOCMdYAyQkFy','김싸피','ssafy12222@example.com','싸피vv싸피',NULL,5,1,1,'010-1234-5678','안녕하세요 김싸피 입니다.','eyJ0eXAiOiJKV1QiLCJhbGciOiJIUzI1NiJ9.eyJzdWIiOiJyZWZyZXNoLXRva2VuIiwiaWF0IjoxNjkxMzc1OTQwLCJleHAiOjE2OTI1ODU1NDAsInVzZXJJZCI6MX0.ssR2FtKeEn9TPv1MsXNV6FW-3xluY9XRc0jGj2wasjM',NULL),(23,'2023-08-02 05:17:25',1,'$2a$10$Li82tOvdEuKtS2yaxyW60en1NhhMRFccJOPGOdGeYcfGs1eX6ZFJe','shin','ssafy@ssafy.com','fox',NULL,NULL,NULL,NULL,'01051534673',NULL,NULL,NULL),(24,'2023-08-02 06:33:39',1,'$2a$10$.XRqqt6zmYRZbuOIxbwvB.5wbL5VaCtvZiLjA6qj2abmd8FkONtKa','신기정','467shin@gmai.com','Inary',NULL,NULL,NULL,NULL,'01051534673','둠칫둠칫',NULL,NULL),(27,'2023-08-02 06:35:34',1,'$2a$10$5F9pDYnZD7VwpEFMtAsFe.KAAkEV4Tm4nP21iTlRGeEQM6ShZNH2u','신기정','467shin@gmail.com','InaryFox',NULL,NULL,NULL,NULL,'01051534673','바이러스',NULL,NULL),(28,'2023-08-02 06:36:45',1,'$2a$10$iYi58s/wtUxh6ydKdfR.SOACZulCQ0/InUmBgs6h0Sebt5ANg/pVe','신기정','tlsrlwjd@gmail.com','InaryFoxy',NULL,NULL,NULL,NULL,'01051534673','바이러스',NULL,NULL),(29,'2023-08-02 06:37:45',1,'$2a$10$B82Udl5.2Guc6BalNbvSYuyiGrKyZ6Ok7xRzDSpnKU5w46skPhTvG','test','a@b.com','testian',NULL,NULL,6,8,'01051534673',NULL,NULL,NULL),(31,'2023-08-02 06:42:32',1,'$2a$10$TqUgdrJzr3DMCE9HSjol1uRLsMjPVE3S1t/0ZnYlVmhnYaCK82A6S',NULL,'asdf@asdf.asdf','asdfasdf',NULL,NULL,5,2,'asd',NULL,NULL,NULL),(35,'2023-08-02 11:26:06',1,'$2a$10$dzD340vXyHDqOpaxR0ofwuCamquu0ykvP3jWNLvck4.c5qII9qmnS','신싸피','ssafy@example.com','싸피싸피','profileImage/11_1692009030391.png',2,NULL,NULL,'01012345566','밀레니엄 SW 개발부 학생입니다.','eyJ0eXAiOiJKV1QiLCJhbGciOiJIUzI1NiJ9.eyJzdWIiOiJyZWZyZXNoLXRva2VuIiwiaWF0IjoxNjkyMTY1NDEyLCJleHAiOjE2OTMzNzUwMTIsInVzZXJJZCI6MzV9.by0y7757UBt19S0MHr5KKS0yd0DOoJ5JkuIr-jAQpQA',NULL),(41,'2023-08-03 08:39:49',1,'$2a$10$krmWB5ebH.wtrD3miwfjS.nIPRRWyuIgpN5Rire3WC79o5d3.RKrS','김싸피','ssafy12@example.com','싸피v싸피',NULL,5,1,1,'010-1234-5678','안녕하세요 김싸피 입니다.',NULL,NULL),(44,'2023-08-07 00:42:29',1,'$2a$10$euKJu0adWE/ADWbvxVo4h.Gr2fu2Nzd/ZIdxh8Z.81J9fp8O7D5Z6','김싸피','ssafy11123411@example.com','싸피싸피123456',NULL,5,2,3,'010-1234-5678','안녕하세요 김싸피 입니다.',NULL,NULL),(46,'2023-08-07 00:47:16',1,'$2a$10$Si4Ni8Z4SSQ9x.VcQJZkBuWt7hoInG1IOxiZE3fjqVTK.NN1CZRN6','김싸피','qqqq@example.com','djftjd',NULL,5,2,3,'010-1234-5678','안녕하세요 김싸피 입니다.',NULL,NULL),(50,'2023-08-07 01:37:04',1,'$2a$10$BM4KPTZ0.rVt7dsaZqse9ewhHhsa1ShYm1u9HCzBmZgca98RWatwW','김싸피','qqqq1@example.com','djftjd11',NULL,5,2,3,'010-1234-5678','안녕하세요 김싸피 입니다.',NULL,NULL),(54,'2023-08-07 01:37:39',1,'$2a$10$.7QAX.evhv62m/6c72rN0.ritCUofm7Km8GuRbLjEVGvNB6l7oYCu','김싸피','1qqqq1@example.com','1djftjd11',NULL,5,2,3,'010-1234-5678','안녕하세요 김싸피 입니다.',NULL,NULL),(56,'2023-08-07 01:40:20',1,'$2a$10$Bb6AayuZlV/LkVmWsHZzVO3zeKhx.///NvoHqxk3WAz8HECiBksYO','김싸피','ssafy','싸피싸피5315325',NULL,5,2,3,'010-1234-5678','안녕하세요 김싸피 입니다.',NULL,NULL),(63,'2023-08-07 01:42:24',1,'$2a$10$4G07MMuOGLSoo7mrHXb0VOnmlhRcbR42KUMX2O7OQ4UPxDO8xCQNy','test123','abc@d.com','test123',NULL,1,7,3,'123123','123',NULL,NULL),(76,'2023-08-07 03:08:39',1,'113583568260423101914','Yoon Woo Kim','ynwookim98@gmail.com','ynwookim98@gmail.com','https://lh3.googleusercontent.com/a/AAcHTtfEbpsLksyVkwltolxFl6IiXxANu8M2pn7PA2m2o6QZ=s96-c',NULL,NULL,NULL,NULL,NULL,NULL,'113583568260423101914'),(91,'2023-08-07 04:37:15',1,'$2a$10$IoPaV40BDa2hxsuLJIedZ.IXXziU9vAHz5QheQ1193/96hw9JJhiG','1234','rkdmf0914@naver.com','12341243',NULL,12,NULL,NULL,'01000000000',NULL,NULL,NULL),(152,'2023-08-07 04:49:14',1,'$2a$10$3fqff16fBUpFPk9K6xs3au/7swKGfhfGKXBRvwjQruQtwW24PwHDu','qwerty','qwerty@qwerty.com','쿼티',NULL,10,5,2,'01012345678','쿼티입니다',NULL,NULL),(153,'2023-08-07 04:50:48',1,'$2a$10$bDHk23bMPpM3ydAoQFEzD.o9QlJhdVwkjbPtLlqM7dMrxw2I9UE96','동자개','a@s.df','송사리','profileImage/image%20%2810%29_1691978743619.png',NULL,NULL,NULL,'123123123123123123','민물고기','eyJ0eXAiOiJKV1QiLCJhbGciOiJIUzI1NiJ9.eyJzdWIiOiJyZWZyZXNoLXRva2VuIiwiaWF0IjoxNjkyMTY1NTIwLCJleHAiOjE2OTMzNzUxMjAsInVzZXJJZCI6MTUzfQ.Klq9baST5ppXdsIDXOCrpkHe-8EHJ3vNTLnKUbmB0gI',NULL),(154,'2023-08-07 05:07:15',1,'$2a$10$ZvOP34YBcPSi9PpNkV4JX.M3yqu4nXwQd.tm/B.mCX5vg8/FCen66',NULL,'qwer@naver.com','ddd',NULL,NULL,NULL,NULL,'01000000000',NULL,NULL,NULL),(157,'2023-08-07 05:08:21',1,'$2a$10$HZLxdmtfYLsvxIOCkkUlCeE36DtJhisg6Yre3Z03eWJNfD4CIKRau',NULL,'qwer1@naver.com','1124',NULL,NULL,NULL,NULL,'01000000000',NULL,NULL,NULL),(163,'2023-08-07 07:17:28',1,'$2a$10$CRkdJw30PTcVIUjphRuVsea4uXg9is0i89tII1V7nL9c81Tln6qu6',NULL,'q1q1q1@gmail.com','1234',NULL,NULL,NULL,NULL,'1231231231',NULL,NULL,NULL),(165,'2023-08-07 08:20:52',1,'$2a$10$xc1YudHq3Wz9.ZrgTEi8H.7mIexQj/Se3KAsEoA/BwtRrOwgaRHFm','임송 테스트','ii@test.com','test_imsong',NULL,2,NULL,NULL,'01000000000',NULL,NULL,NULL),(168,'2023-08-08 04:43:04',1,'107728730358407611739','여우여우','tlsrlwjd1997@gmail.com','tlsrlwjd1997@gmail.com','https://lh3.googleusercontent.com/a/AAcHTtdBj-WsU_Fy20AZ_dM93UAumOhmiIH1z4dJgI1HYC9uEg=s96-c',NULL,NULL,NULL,NULL,NULL,'eyJ0eXAiOiJKV1QiLCJhbGciOiJIUzI1NiJ9.eyJzdWIiOiJyZWZyZXNoLXRva2VuIiwiaWF0IjoxNjkxNDY5Nzg0LCJleHAiOjE2OTI2NzkzODQsInVzZXJJZCI6MTY4fQ.kENNRTWgLEYKYwSnT4p6CTmEgQpPV-OCgnGC8mN9q2s','107728730358407611739'),(169,'2023-08-08 05:48:53',1,'$2a$10$1t6fUWQHCeC/fNAoehjRgeF98otOvUxD7EvEXAemwV0tGNvSbfQvK',NULL,'test@test.com','test',NULL,NULL,NULL,NULL,'12341234',NULL,NULL,NULL),(172,'2023-08-08 07:04:56',1,'$2a$10$OeZGUwOI8X/wt0z4DpiexuCoJLuO/nhyFJ1varot7R103WBHadl7S','임송2','imsongj@test.com','imsong2',NULL,NULL,NULL,NULL,'01000000000',NULL,'eyJ0eXAiOiJKV1QiLCJhbGciOiJIUzI1NiJ9.eyJzdWIiOiJyZWZyZXNoLXRva2VuIiwiaWF0IjoxNjkyMTY1MjUyLCJleHAiOjE2OTMzNzQ4NTIsInVzZXJJZCI6MTcyfQ.dFEojM_S4r9HhhRj2IO7qtlZSWNm3I0wgeR13Zf7l1Y',NULL),(173,'2023-08-10 00:25:45',1,'$2a$10$GHpezdVk2dRAQia2i4VnkurJE9oVS.oH9nsqzbJDtSdMcUyrTB0Ba','하하하','aa@bb.cc','호호호',NULL,-1,1,1,'010-1234-5678',NULL,'eyJ0eXAiOiJKV1QiLCJhbGciOiJIUzI1NiJ9.eyJzdWIiOiJyZWZyZXNoLXRva2VuIiwiaWF0IjoxNjkxNjMxMDYwLCJleHAiOjE2OTI4NDA2NjAsInVzZXJJZCI6MTczfQ.EHrMxAVcJ0Op7Y3F3ltr9wghryLWSDVHeCZ6SLNHoaA',NULL),(174,'2023-08-10 01:31:30',1,'$2a$10$jiR0ec.0LpmZBor5E7kq1e1x/Rnpm.ohJR1jHPHQJlR7UsaxtGsGK','asdasd','asdasd@asdasd.com','asdasd',NULL,NULL,NULL,NULL,'01012345678',NULL,'eyJ0eXAiOiJKV1QiLCJhbGciOiJIUzI1NiJ9.eyJzdWIiOiJyZWZyZXNoLXRva2VuIiwiaWF0IjoxNjkxNjMyODE2LCJleHAiOjE2OTI4NDI0MTYsInVzZXJJZCI6MTc0fQ.wehfOz0wMTrlE-MkO1dzLaaCHn1w_Rn7u0_ilKC7AlI',NULL),(175,'2023-08-10 03:40:05',1,'$2a$10$WsRZ1NuI6i32dP5QqRk8zuEhgGu9q2grEQShXDiepTZTG0Io9Ru2G','김싸피','ssafy@samsung.com','s_ssafy',NULL,22,1,1,'010-1234-5678','안녕하세요 김싸피 입니다~!','eyJ0eXAiOiJKV1QiLCJhbGciOiJIUzI1NiJ9.eyJzdWIiOiJyZWZyZXNoLXRva2VuIiwiaWF0IjoxNjkxNjM4ODQxLCJleHAiOjE2OTI4NDg0NDEsInVzZXJJZCI6MTc1fQ.sBhHPs3lnlfOX_f50Eo7ZaMUQUpmDZ7WeTXdTbawyNw',NULL),(176,'2023-08-10 03:49:57',1,'$2a$10$jmgHisB7/4y2mrtpJLXb7ed1f5O9w6LHmjpkyibQciyLLaNpZaAMi','zxczxc','zxczxc@zxczxc.com','zxczxc',NULL,123,NULL,NULL,'123123',NULL,NULL,NULL),(177,'2023-08-10 03:58:24',1,'$2a$10$vKySh7.RlIsDeo1GxC1NCuoFv61Wv1hidHe9E1USq3YnqwZVMSjfi','sdf','sdf@sdf.com','sdf',NULL,123,NULL,NULL,'111',NULL,NULL,NULL),(178,'2023-08-10 05:57:11',1,'$2a$10$onfhf48ZebxFtVdmdx9nNemjw1hvvTKfzGH0ZFBKmH5YVU4W/g26m',NULL,'test@test.co','test1','',NULL,NULL,NULL,'01000000000',NULL,NULL,NULL),(179,'2023-08-10 05:58:16',1,'$2a$10$FrAJFNz8pfRKI63wmBocauyA8OvytFrO7VJ.R1.IXh7JCURzVvR/K',NULL,'filetest@file.com','file','',NULL,NULL,NULL,'01000000000',NULL,NULL,NULL),(180,'2023-08-10 06:08:52',1,'$2a$10$m5DGfWnAJjTqSyb/WSb/KOkbTRYZPYxgpwCWQQjWcyPqz9B3BttHO',NULL,'iop@iop.com','iopiopiop','profileImage/%EB%8B%A4%EC%9A%B4%EB%A1%9C%EB%93%9C_1691992580156.jpg',11,6,7,NULL,'iop입니다','eyJ0eXAiOiJKV1QiLCJhbGciOiJIUzI1NiJ9.eyJzdWIiOiJyZWZyZXNoLXRva2VuIiwiaWF0IjoxNjkyMTY2NjM1LCJleHAiOjE2OTMzNzYyMzUsInVzZXJJZCI6MTgwfQ.UNZLHGzvn-QqbGHcxePFJi3HIEJN5gU0a8CjKbe3_uA',NULL),(181,'2023-08-10 07:15:46',1,'$2a$10$TVQST4jwk7Wled5muaGVyenNPXe.AEwauUvWz3zfUVDoGnYBmXVnK',NULL,'ggg@ggg.com','ggg','',NULL,NULL,NULL,'111',NULL,NULL,NULL),(182,'2023-08-10 07:22:32',1,'$2a$10$qkDs4wMBc6XYzCXUh96oKOqLmc68z9oSAsIsuR5Y7yAIaDNzZRKSa','김싸피','ggg@g1gg.com','123456','',NULL,NULL,NULL,'123',NULL,NULL,NULL),(183,'2023-08-10 07:23:51',1,'$2a$10$EGogBGopjsy/g8Qaff/CIOej2bfGkP6TbE0w.u6lTiOEvawZU7W3a',NULL,'test@test.coms','testt','',NULL,NULL,NULL,'01000000000',NULL,NULL,NULL),(184,'2023-08-10 07:37:28',1,'$2a$10$wbTVNedebBvOziyylaqjLenLw6UyBThqXdma3Tv/PgALIWhA9erpW',NULL,'test@testd.com','test22','',NULL,NULL,NULL,'01000000000',NULL,NULL,NULL),(185,'2023-08-10 13:47:29',1,'$2a$10$VX/DltkwLCy8W6BKqd.2quqJaI5sygauJRdvje1wnU1vWImsZcaeG','123','test@test.dfd','123','profileImage/robert_1691675248610.jpg',NULL,NULL,NULL,'123',NULL,NULL,NULL),(186,'2023-08-11 04:45:27',1,'$2a$10$Eiw8QGHNIum6TW1JUHrP.OMWS8GkHbblZOiyTobYAvQ1Mfc2HmMiu','ㅇㄴㅁㅇㅁㅁㄴㅇ','qw@qw.qw','갈짱','profileImage/like_1691729126769.png',5,1,1,'1212121212','ㅇㄴㅁㅇㅁㄴㅇ','eyJ0eXAiOiJKV1QiLCJhbGciOiJIUzI1NiJ9.eyJzdWIiOiJyZWZyZXNoLXRva2VuIiwiaWF0IjoxNjkyMTY1NTcyLCJleHAiOjE2OTMzNzUxNzIsInVzZXJJZCI6MTg2fQ.g-BzoX55FRAPjcG-VStQEWWJEdv04CfjJ1o7h78C51s',NULL),(187,'2023-08-11 04:45:40',1,'$2a$10$MJyD2yIe54MjA5wuJUvrWeLZackT6nk1tKYjMq5nrVNBnne2Aaps6','고래상어','q@w.er','고래 상어','profileImage/%EB%B8%94%EB%A3%A8%EC%95%84%EC%B9%B4%EC%9D%B4%EB%B8%8C-%EC%95%84%EB%A1%9C%EB%82%98_1692002951088.gif',1,7,3,'123123123123',NULL,'eyJ0eXAiOiJKV1QiLCJhbGciOiJIUzI1NiJ9.eyJzdWIiOiJyZWZyZXNoLXRva2VuIiwiaWF0IjoxNjkyMDAxOTc0LCJleHAiOjE2OTMyMTE1NzQsInVzZXJJZCI6MTg3fQ.4DjUFbzNb_Jlsa50Aouv685_2KrXMigwllnHtYi-OIY',NULL),(188,'2023-08-11 06:47:41',1,'$2a$10$w3/QTvwBRQwfXKrZqoYs/uj2fWILaxKplv2QYN3z0PZkELymEJhOm','123','test@t.com','12342','profileImage/profile_1691736460988.jpg',NULL,NULL,NULL,'1234',NULL,NULL,NULL),(189,'2023-08-11 06:48:00',1,'$2a$10$EZpEXcfB/th2yQRlD9E/x.BmwUGZwcedFE3EDkLkQHEIdK8BOLVoW','123','qwe@qwe.com','12322','',NULL,NULL,NULL,'1234',NULL,NULL,NULL),(190,'2023-08-11 06:48:51',1,'$2a$10$OWfDrZZ0o9fsoQQ5BLCiiO3YeFT/tLHXvCCZWQ0pFhwiuuUsPLtrq',NULL,'test@wqe.com','123444','',NULL,NULL,NULL,'1234',NULL,NULL,NULL),(191,'2023-08-13 12:05:03',1,'$2a$10$f8lI44mzfSxRab7wmR0geOlc23EzdKlIFjwUoBdkH4h4z.V.kNGYq','iop','iop@lighthouse.com','iopiop','profileImage/%EB%83%A5%EC%9D%B4_1691928302554.jpg',11,1,5,'01012345678','iopiopiop',NULL,NULL),(192,'2023-08-14 01:35:13',1,'$2a$10$2PcSgfT8kJs9tSXHCL2H1.5vcQpCDsf1K2PTwl9uV/9aLW9edeJV.',NULL,'abcdef@abcdef.com','abc','',10,NULL,NULL,NULL,NULL,NULL,NULL),(193,'2023-08-14 08:01:50',1,'$2a$10$yIH1jKntWVIRXe7aoMnq1eD7hY6QpzgDWa4QqYTBViXtl7gB8VZea',NULL,'zxc@zxc.com','zxczxczxc','profileImage/%EB%AA%B0%EB%A3%A8_1692003088998.gif',NULL,NULL,NULL,NULL,NULL,'eyJ0eXAiOiJKV1QiLCJhbGciOiJIUzI1NiJ9.eyJzdWIiOiJyZWZyZXNoLXRva2VuIiwiaWF0IjoxNjkyMDAwMTE2LCJleHAiOjE2OTMyMDk3MTYsInVzZXJJZCI6MTkzfQ.qn9SFDF-zj3XlKXIKCirXEEbZ3vDuAVMq1pUYnzyXNY',NULL),(194,'2023-08-14 08:31:07',1,'$2a$10$qC1OfWHYii24FahI9iJsDevXgo18HlMFungOEwiOpkncpdXZ4rbdS',NULL,'ssafy@ssa.fy','sssafy','',1,NULL,NULL,'123123123123123',NULL,NULL,NULL),(195,'2023-08-16 05:37:35',1,'$2a$10$4j4pQg8S3zaOtW9XA7G3p.EEbijsG4r58.BMKd4Vga7FEY5b3W6WC','Didie','qwer1234@ssafy.com','Drogba','profileImage/drogba_1692164255283.jpg',17,1,1,'010-1234-5677','I\'m a legendary football player from Côte d\'Ivoire.\r\nNow I wanna be a Web devloper.','eyJ0eXAiOiJKV1QiLCJhbGciOiJIUzI1NiJ9.eyJzdWIiOiJyZWZyZXNoLXRva2VuIiwiaWF0IjoxNjkyMTY0MjY2LCJleHAiOjE2OTMzNzM4NjYsInVzZXJJZCI6MTk1fQ.sUCceRWGZQg90mPP9vG-eplyNq4QBFJaElDWq3VIqKM',NULL);
/*!40000 ALTER TABLE `user` ENABLE KEYS */;
UNLOCK TABLES;

--
-- Table structure for table `user_badge`
--

DROP TABLE IF EXISTS `user_badge`;
/*!40101 SET @saved_cs_client     = @@character_set_client */;
/*!40101 SET character_set_client = utf8 */;
CREATE TABLE `user_badge` (
  `id` bigint(20) NOT NULL AUTO_INCREMENT,
  `created_at` datetime NOT NULL DEFAULT current_timestamp(),
  `is_valid` tinyint(4) NOT NULL DEFAULT 1,
  `user_id` int(11) NOT NULL,
  `badge_id` int(11) NOT NULL,
  PRIMARY KEY (`id`)
) ENGINE=InnoDB AUTO_INCREMENT=6 DEFAULT CHARSET=utf8;
/*!40101 SET character_set_client = @saved_cs_client */;

--
-- Dumping data for table `user_badge`
--

LOCK TABLES `user_badge` WRITE;
/*!40000 ALTER TABLE `user_badge` DISABLE KEYS */;
INSERT INTO `user_badge` VALUES (1,'2023-08-07 01:11:22',1,35,1),(2,'2023-08-07 01:11:22',1,41,1),(3,'2023-08-07 01:11:22',1,44,1),(4,'2023-08-07 06:16:13',1,1,1),(5,'2023-08-15 15:26:00',1,172,1);
/*!40000 ALTER TABLE `user_badge` ENABLE KEYS */;
UNLOCK TABLES;

--
-- Table structure for table `user_eval`
--

DROP TABLE IF EXISTS `user_eval`;
/*!40101 SET @saved_cs_client     = @@character_set_client */;
/*!40101 SET character_set_client = utf8 */;
CREATE TABLE `user_eval` (
  `id` bigint(20) NOT NULL AUTO_INCREMENT,
  `created_at` datetime NOT NULL DEFAULT current_timestamp(),
  `is_valid` tinyint(4) NOT NULL DEFAULT 1,
  `user_id` int(11) NOT NULL,
  `evaluator_id` int(11) NOT NULL,
  `tag` varchar(128) DEFAULT NULL,
  `score` int(11) DEFAULT NULL,
  PRIMARY KEY (`id`)
) ENGINE=InnoDB AUTO_INCREMENT=12 DEFAULT CHARSET=utf8;
/*!40101 SET character_set_client = @saved_cs_client */;

--
-- Dumping data for table `user_eval`
--

LOCK TABLES `user_eval` WRITE;
/*!40000 ALTER TABLE `user_eval` DISABLE KEYS */;
INSERT INTO `user_eval` VALUES (1,'2023-08-07 01:12:41',1,35,41,'굿굿',70),(2,'2023-08-07 01:12:41',1,35,44,'굿굿',80),(3,'2023-08-07 01:12:41',1,41,35,'굿굿',60),(4,'2023-08-07 01:12:41',1,41,44,'굿굿',80),(5,'2023-08-07 01:12:41',1,44,35,'굿굿',90),(6,'2023-08-07 01:12:41',1,44,41,'굿굿',90),(7,'2023-08-16 04:24:12',1,153,153,NULL,10),(8,'2023-08-16 04:25:45',1,172,153,NULL,10),(9,'2023-08-16 04:28:08',1,35,153,NULL,100),(10,'2023-08-16 05:04:26',1,44,153,NULL,10),(11,'2023-08-16 05:15:10',1,153,35,NULL,0);
/*!40000 ALTER TABLE `user_eval` ENABLE KEYS */;
UNLOCK TABLES;

--
-- Table structure for table `user_tag`
--

DROP TABLE IF EXISTS `user_tag`;
/*!40101 SET @saved_cs_client     = @@character_set_client */;
/*!40101 SET character_set_client = utf8 */;
CREATE TABLE `user_tag` (
  `id` bigint(20) NOT NULL AUTO_INCREMENT,
  `created_at` datetime NOT NULL DEFAULT current_timestamp(),
  `is_valid` tinyint(4) NOT NULL DEFAULT 1,
  `user_id` int(11) NOT NULL,
  `tag_id` int(11) NOT NULL,
  PRIMARY KEY (`id`)
) ENGINE=InnoDB AUTO_INCREMENT=58 DEFAULT CHARSET=utf8;
/*!40101 SET character_set_client = @saved_cs_client */;

--
-- Dumping data for table `user_tag`
--

LOCK TABLES `user_tag` WRITE;
/*!40000 ALTER TABLE `user_tag` DISABLE KEYS */;
INSERT INTO `user_tag` VALUES (1,'2023-08-01 02:55:16',1,1,3),(2,'2023-08-01 02:55:16',1,1,4),(3,'2023-08-01 02:55:16',1,1,7),(4,'2023-08-01 03:03:34',1,4,3),(5,'2023-08-01 03:03:34',1,4,4),(6,'2023-08-01 03:03:34',1,4,7),(7,'2023-08-01 03:03:40',1,5,3),(8,'2023-08-01 03:03:40',1,5,4),(9,'2023-08-01 03:03:41',1,5,7),(10,'2023-08-01 03:03:52',1,6,3),(11,'2023-08-01 03:03:52',1,6,4),(12,'2023-08-01 03:03:53',1,6,7),(13,'2023-08-01 03:04:07',1,7,3),(14,'2023-08-01 03:04:07',1,7,4),(15,'2023-08-01 03:04:07',1,7,7),(16,'2023-08-01 03:18:29',1,8,3),(17,'2023-08-01 03:18:29',1,8,4),(18,'2023-08-01 03:18:29',1,8,7),(19,'2023-08-02 01:26:19',1,9,3),(20,'2023-08-02 01:26:19',1,9,4),(21,'2023-08-02 01:26:19',1,9,7),(22,'2023-08-02 03:06:02',1,10,3),(23,'2023-08-02 03:06:02',1,10,4),(24,'2023-08-02 03:06:02',1,10,7),(25,'2023-08-02 03:42:18',1,12,3),(26,'2023-08-02 03:42:18',1,12,4),(27,'2023-08-02 03:42:18',1,12,7),(28,'2023-08-02 03:49:33',1,13,3),(29,'2023-08-02 03:49:33',1,13,4),(30,'2023-08-02 03:49:33',1,13,7),(31,'2023-08-02 03:53:37',1,14,3),(32,'2023-08-02 03:53:37',1,14,4),(33,'2023-08-02 03:53:37',1,14,7),(34,'2023-08-02 05:12:08',1,22,3),(35,'2023-08-02 05:12:08',1,22,4),(36,'2023-08-02 05:12:08',1,22,7),(37,'2023-08-02 11:26:06',0,35,1),(38,'2023-08-02 11:26:06',0,35,2),(39,'2023-08-02 11:26:06',0,35,3),(40,'2023-08-03 08:39:49',1,41,3),(41,'2023-08-03 08:39:49',1,41,4),(42,'2023-08-03 08:39:49',1,41,7),(43,'2023-08-07 00:42:29',1,44,1),(44,'2023-08-07 00:42:29',1,44,2),(45,'2023-08-07 00:42:29',1,44,3),(46,'2023-08-07 00:47:16',1,46,1),(47,'2023-08-07 00:47:16',1,46,2),(48,'2023-08-07 00:47:16',1,46,3),(49,'2023-08-07 01:37:04',1,50,1),(50,'2023-08-07 01:37:04',1,50,2),(51,'2023-08-07 01:37:04',1,50,3),(52,'2023-08-07 01:37:39',1,54,1),(53,'2023-08-07 01:37:39',1,54,2),(54,'2023-08-07 01:37:39',1,54,3),(55,'2023-08-07 01:40:20',1,56,1),(56,'2023-08-07 01:40:20',1,56,2),(57,'2023-08-07 01:40:20',1,56,3);
/*!40000 ALTER TABLE `user_tag` ENABLE KEYS */;
UNLOCK TABLES;
/*!40103 SET TIME_ZONE=@OLD_TIME_ZONE */;

/*!40101 SET SQL_MODE=@OLD_SQL_MODE */;
/*!40014 SET FOREIGN_KEY_CHECKS=@OLD_FOREIGN_KEY_CHECKS */;
/*!40014 SET UNIQUE_CHECKS=@OLD_UNIQUE_CHECKS */;
/*!40101 SET CHARACTER_SET_CLIENT=@OLD_CHARACTER_SET_CLIENT */;
/*!40101 SET CHARACTER_SET_RESULTS=@OLD_CHARACTER_SET_RESULTS */;
/*!40101 SET COLLATION_CONNECTION=@OLD_COLLATION_CONNECTION */;
/*!40111 SET SQL_NOTES=@OLD_SQL_NOTES */;

-- Dump completed on 2023-08-16 15:21:03
